Price,Close,High,Low,Open,Volume
Ticker,AAPL,AAPL,AAPL,AAPL,AAPL
Date,,,,,
2020-01-02,72.46826171875,72.52858156247073,71.22325926076245,71.4765996590847,135480400
2020-01-03,71.76371765136719,72.52374615608241,71.53932961570813,71.6961597256872,146322800
2020-01-06,72.33555603027344,72.3741616151194,70.63453932655295,70.88547194642054,118387200
2020-01-07,71.99537658691406,72.60098298229356,71.77581141002224,72.34522736157655,108872000
2020-01-08,73.15350341796875,73.4551026743299,71.69858889981313,71.69858889981313,132079200
2020-01-09,74.70733642578125,74.90035698659045,73.87974991049977,74.13067516689924,170108400
2020-01-10,74.876220703125,75.44082088635776,74.3743628731269,74.94137084294664,140644800
2020-01-13,76.47589111328125,76.5024356673447,75.07405885483226,75.19229072850685,121532000
2020-01-14,75.44322967529297,76.62308929816353,75.32018220682278,76.41317742986432,161954400
2020-01-15,75.11991882324219,76.12364189473249,74.6880266854858,75.2429736592525,121923600
2020-01-16,76.06089782714844,76.1718916266167,75.30086936839069,75.66278838334783,108829200
2020-01-17,76.90296936035156,76.90537714681764,76.00299474011516,76.30941686178534,137816400
2020-01-21,76.38182067871094,76.97295078497612,76.2442896548719,76.53141272712692,110843200
2020-01-22,76.65446472167969,77.20698922015548,76.56036222573736,76.8667843985574,101832400
2020-01-23,77.02362060546875,77.1032395625604,76.15983628507468,76.70754520066748,104472000
2020-01-24,76.80164337158203,78.01286327957854,76.61103058846822,77.26972598534742,146537600
2020-01-27,74.54328918457031,75.22369163896585,73.56128005375581,74.81110584028455,161940000
2020-01-28,76.65206146240234,76.82336779320974,75.32502461892797,75.42395006721497,162234000
2020-01-29,78.25654602050781,79.1034389225781,77.54236118317645,78.28309057876027,216229200
2020-01-30,78.14315032958984,78.19623208684209,76.90780110255082,77.33969324731856,126743200
2020-01-31,74.67839050292969,77.85603612229534,74.38402933624978,77.43379716634335,199588400
2020-02-03,74.4732894897461,75.63866557981345,72.91944979414838,73.42130763220082,173788400
2020-02-04,76.93193817138672,77.12255095912198,75.67245940871321,76.07780703357612,136616400
2020-02-05,77.55927276611328,78.35790705994806,76.95607421407713,78.0587155711189,118826800
2020-02-06,78.4664535522461,78.46886870193435,77.27212521509354,77.82947991175031,105425600
2020-02-07,77.39989471435547,78.2149347676415,76.90893545307632,77.96582750464246,117684000
2020-02-10,77.76748657226562,77.76748657226562,75.90523110539003,75.98503899623722,109348800
2020-02-11,77.29830932617188,78.33585640766411,77.08064401597953,78.26330376451229,94323200
2020-02-12,79.13398742675781,79.13882181030785,77.7481726332658,77.7481726332658,113730400
2020-02-13,78.57046508789062,78.89696679324649,78.20285267206994,78.40600748455542,94747600
2020-02-14,78.58980560302734,78.83891285274403,78.08191495757227,78.53901137196604,80113600
2020-02-18,77.15080261230469,77.33219164665964,76.08906858845916,76.27045762281409,152531200
2020-02-19,78.26815032958984,78.49791270322793,77.39264718918032,77.39264718918032,93984000
2020-02-20,77.46520233154297,78.517260139207,76.95973247404322,78.02872169520079,100566000
2020-02-21,75.7117691040039,77.50147989029539,75.09504942814512,77.05888657687778,129554000
2020-02-24,72.11543273925781,73.56654484289926,69.950861613102,71.8929330165793,222195200
2020-02-25,69.67273712158203,73.16750228692123,69.20113004030677,72.78537928554614,230673600
2020-02-26,70.77799224853516,72.04288097148186,69.29060380017634,69.29785906555418,198054800
2020-02-27,66.15138244628906,69.16969925255808,66.01594586338662,67.98462546179165,320605600
2020-02-28,66.11267852783203,67.33403591375473,62.00361420698183,62.218866092738025,426510000
2020-03-02,72.2677993774414,72.90387135222704,67.16714131154524,68.26998589980724,341397200
2020-03-03,69.97261810302734,73.52300347304629,69.12129439177312,73.44319556548463,319475600
2020-03-04,73.21829986572266,73.37792313190361,70.89410480767575,71.69463464059376,219178400
2020-03-05,70.84329986572266,72.44677262458974,70.4781009386349,71.47210923904862,187572800
2020-03-06,69.9024887084961,70.3354058888164,68.01604591388242,68.20226931131931,226176800
2020-03-09,64.3737564086914,67.2566283985615,63.60708224588359,63.788471263695044,286744800
2020-03-10,69.01004791259766,69.27608658534605,65.14767122671621,67.02686596637837,285290000
2020-03-11,66.61328887939453,68.01361390598325,65.74987554201819,67.08732407289723,255598800
2020-03-12,60.03492736816406,65.30004700639003,59.979302435498994,61.89960811199781,418474000
2020-03-13,67.22760009765625,67.69921444547847,61.17646208174082,64.06417921518192,370732000
2020-03-16,58.578975677490234,62.65901412516802,58.044481123383505,58.51609179443726,322423600
2020-03-17,61.154693603515625,62.30348685183075,57.6575122464136,59.860783996429895,324056000
2020-03-18,59.65763473510742,60.4630023695136,57.34794730651824,57.98885734585637,300233600
2020-03-19,59.20053482055664,61.149861434253346,58.67571640074359,59.83176871542281,271857200
2020-03-20,55.4421501159668,60.905585546401824,55.14225232740792,59.78097160708233,401693200
2020-03-23,54.26432800292969,55.26317786918558,51.42015002405914,55.16160047962253,336752800
2020-03-24,59.70842361450195,59.904323146252956,56.66592497733461,57.16413951249609,287531200
2020-03-25,59.379512786865234,62.45828816535252,59.08445300833761,60.64439789917577,303602000
2020-03-26,62.50423049926758,62.56227261652978,59.582657941818766,59.62135514690596,252087200
2020-03-27,59.916419982910156,61.88267437044843,59.74954150082475,61.12809725879501,204216800
2020-03-30,61.62631607055664,61.798032638117675,60.317895683529414,60.64198021312565,167976400
2020-03-31,61.500545501708984,63.483731229594824,60.94670602705082,61.8173747321562,197002000
2020-04-01,58.26456832885742,60.15343192722889,57.83407204839957,59.61652017243426,176218400
2020-04-02,59.23680877685547,59.290016512254034,57.29473750591379,58.12670897901646,165934000
2020-04-03,58.3854866027832,59.423029959454176,57.795367188954444,58.72166070290784,129880000
2020-04-06,63.478878021240234,63.633659422502895,60.31303706049467,60.68064934663692,201820400
2020-04-07,62.74367141723633,65.71120059846693,62.63967681398028,65.49352786324853,202887200
2020-04-08,64.34957885742188,64.66398358059458,63.179015782136176,63.54420737089297,168895200
2020-04-09,64.81393432617188,65.31699076846863,64.0182463244957,64.9856546111931,161834800
2020-04-13,66.08605194091797,66.19488828158737,64.29150704508059,64.89130259807796,131022800
2020-04-14,69.42361450195312,69.71383985781922,67.24694647516952,67.71856083326759,194994800
2020-04-15,68.78996276855469,69.24948009360917,67.87092811844572,68.2990035025,131154400
2020-04-16,69.33654022216797,69.70173905002567,68.28690358299804,69.50341866796147,157125200
2020-04-17,68.39574432373047,69.3994360529156,66.95914281806782,68.85284815768563,215250000
2020-04-20,66.97606658935547,68.12486348645393,66.95672167861267,67.22276033093017,130015200
2020-04-21,64.90581512451172,67.05346190215134,64.19476970811112,66.81886518475746,180991600
2020-04-22,66.77535247802734,67.21068321571147,65.83213095921919,66.17313585465308,116862400
2020-04-23,66.51654815673828,68.14179371829223,66.47785095518503,66.71970292934046,124814400
2020-04-24,68.43685913085938,68.44653527723898,66.99300242947831,67.04137578063921,126161200
2020-04-27,68.4852523803711,68.81658852795512,67.7064884371288,68.15390885204779,117087600
2020-04-28,67.37512969970703,69.12855677224428,67.28323213572467,68.94716776474043,112004800
2020-04-29,69.58807373046875,70.05726716798014,68.65936300137292,68.86251778141856,137280800
2020-04-30,71.05611419677734,71.23266881272234,69.73802523358442,70.1274034083595,183064000
2020-05-01,69.91217041015625,72.31375937660403,69.13340655240944,69.23014589148127,240616800
2020-05-04,70.90132904052734,71.02951029776773,69.24706234339718,69.9363419790523,133568000
2020-05-05,71.9654769897461,72.79744841928256,71.21573435047652,71.36084701948627,147751200
2020-05-06,72.70796203613281,73.33919216211522,72.28230018886588,72.6668439519477,142333600
2020-05-07,73.46011352539062,73.80596744487967,73.0320382041835,73.3343531605904,115215200
2020-05-08,75.20860290527344,75.26195467448645,73.79236468701193,74.11975020715006,133838400
2020-05-11,76.39204406738281,76.88675244657776,74.50776212066847,74.71632174778293,145946400
2020-05-12,75.51901245117188,77.52696763422976,75.39775910098548,77.07590132316346,162301200
2020-05-13,74.60718536376953,76.61999543008798,73.53045501521297,75.69846552238357,200622400
2020-05-14,75.06551361083984,75.12614027584165,73.12303289595279,73.84570540703209,158929200
2020-05-15,74.62173461914062,74.6678114842192,72.80293436830361,72.83688885866347,166348400
2020-05-18,76.3799057006836,76.75336807886046,75.25467849728416,75.94582405017557,135178400
2020-05-19,75.93854522705078,77.24322494712233,75.90701817457786,76.39687900327164,101729600
2020-05-20,77.41541290283203,77.48573451404336,76.75821444789756,76.79701640617802,111504800
2020-05-21,76.8382568359375,77.81798607126746,76.60059758260323,77.27719341349972,102688800
2020-05-22,77.33296203613281,77.41541342276373,76.47448628011443,76.57633494565745,81803200
2020-05-26,76.80915832519531,78.63037881290926,76.75337911371359,78.45092620311642,125522000
2020-05-27,77.14381408691406,77.28931960837535,75.92643293881503,76.66608292261066,112945200
2020-05-28,77.1777572631836,78.43636762804827,76.54239089339562,76.81884468298037,133560800
2020-05-29,77.10257720947266,77.88102160812149,76.74609208099886,77.42026037966232,153532400
2020-06-01,78.05077362060547,78.17202695622836,76.92553911368113,77.05649478835441,80791200
2020-06-02,78.41211700439453,78.43636915500637,77.34266154865261,77.7840255273494,87642800
2020-06-03,78.8437728881836,79.1056842545279,78.15990225471617,78.73222188437157,104491200
2020-06-04,78.16475677490234,78.96502587807994,77.79129440641832,78.66674739088378,87560400
2020-06-05,80.39096069335938,80.45158736054894,78.3854332069865,78.4145328231229,137250400
2020-06-08,80.86627197265625,80.90022645874406,79.37728486968395,80.0878276354404,95654400
2020-06-09,83.41986846923828,83.81272809723069,80.51464324949785,80.5461703012507,147712400
2020-06-10,85.5660629272461,86.0340990809107,83.92914270631454,84.36807924016622,166651600
2020-06-11,81.4579849243164,85.13438674688165,81.35613627237949,84.71000009547407,201662400
2020-06-12,82.1612548828125,84.34381486093497,81.05057761692748,83.59689759140369,200146000
2020-06-15,83.17736053466797,83.82970407027696,80.65286520703812,80.81534793256503,138808800
2020-06-16,85.38175201416016,85.65336572310193,83.59690633112962,85.2313990507297,165428800
2020-06-17,85.26292419433594,86.18687406891311,85.14167085225792,86.12624739787411,114406400
2020-06-18,85.29686737060547,85.71397910806621,84.68817330586795,85.21926346579517,96820400
2020-06-19,84.8094253540039,86.46816994057362,83.70116819491169,86.00256132015875,264476000
2020-06-22,87.02835845947266,87.1714364918586,85.1562068650672,85.20228371964926,135445200
2020-06-23,88.88597106933594,90.30463659467983,87.85289026819137,88.27242947914962,212155600
2020-06-24,87.31694793701172,89.43403375590695,86.94348560614667,88.51493143673328,192623200
2020-06-25,88.47614288330078,88.51494484309887,86.71312185164297,87.47216900112456,137522400
2020-06-26,85.75764465332031,88.59254854021978,85.60971171941675,88.37186655732566,205256800
2020-06-29,87.73407745361328,87.82865862307958,85.1877569926391,85.66549550848868,130646000
2020-06-30,88.4664535522461,88.75261712274803,87.30242419000004,87.32182147239291,140223200
2020-07-01,88.2990951538086,89.08724178750444,88.25059826293374,88.54402924512468,110737200
2020-07-02,88.2990951538086,89.84144133765948,88.18512412993056,89.20607508168689,114041600
2020-07-06,90.66114044189453,91.12917664404557,89.69596101404703,89.72748807234947,118655600
2020-07-07,90.37982940673828,91.81789246963082,90.26827838855647,91.03944797633464,112424400
2020-07-08,92.48477935791016,92.51630641314865,91.26981841791165,91.35712467862727,117092000
2020-07-09,92.88249206542969,93.43055216626935,91.83486136183558,93.37720039708492,125642800
2020-07-10,93.04496765136719,93.10317429108636,91.86638865727205,92.47750286894541,90257200
2020-07-13,92.61573028564453,96.95902596441493,92.40232321566707,94.34965162813619,191649200
2020-07-14,94.14839172363281,94.33996671440302,91.0637057803454,91.99735078287982,170989200
2020-07-15,94.79589080810547,96.2727560853695,93.59790682412175,96.02297441911405,153198000
2020-07-16,93.6294174194336,94.48546583387535,93.0304255327924,93.66821938221526,110577600
2020-07-17,93.44024658203125,94.23566818195913,92.9673556043315,94.0804677579499,92186800
2020-07-20,95.409423828125,95.54765444448357,93.18321375708835,93.52757658018402,90318000
2020-07-21,94.09259033203125,96.2751504170526,93.84280875166303,96.19997393951473,103433200
2020-07-22,94.3569107055664,95.03835379383547,93.70699466562623,93.79429350649181,89001600
2020-07-23,90.06214141845703,94.1677781639269,89.25216991066098,94.09017424204148,197004400
2020-07-24,89.83903503417969,90.18339782375423,86.47304066581674,88.26032136137546,185438800
2020-07-27,91.96825408935547,92.06040783505115,90.678123851771,90.9012259090905,121214000
2020-07-28,90.45741271972656,91.7160228925572,90.45255785000906,91.5389903643371,103625600
2020-07-29,92.19135284423828,92.37566031423209,90.90364279107482,90.94001731785845,90329200
2020-07-30,93.30686950683594,93.41114559964625,90.9569792625978,91.36438869547271,158130000
2020-07-31,103.0750503540039,103.22540332463862,97.80294963723614,99.80120988768464,374336800
2020-08-03,105.67229461669922,108.2913640186851,104.6586183859917,104.95689689079155,308151200
2020-08-04,106.37797546386719,107.46925546567044,105.13876254678041,105.86143507889906,173071600
2020-08-05,106.76355743408203,107.08366800256047,105.63347550648942,106.09909155161407,121776800
2020-08-06,110.48848724365234,110.98320304299686,106.50653089800755,107.09582047328551,202428800
2020-08-07,107.97643280029297,110.46660808616394,107.17957700537667,110.009872310896,198045600
2020-08-10,109.54585266113281,110.56378836086954,106.89533339122227,109.4219488794754,212403600
2020-08-11,106.28797912597656,109.30777067354109,106.02802731765381,108.80973853697522,187902400
2020-08-12,109.82039642333984,110.07791644345322,107.1844528144561,107.37880502863389,165598000
2020-08-13,111.7639389038086,112.7672986221406,110.71198742895228,111.20030714999548,210082000
2020-08-14,111.66433715820312,111.75422524008118,109.85440163162504,111.58902512127496,165565200
2020-08-17,111.37279510498047,112.81102657552061,110.74600296555394,112.78673069729702,119561600
2020-08-18,112.30083465576172,112.72598654466942,110.78972307405309,111.12498689269856,105633600
2020-08-19,112.44173431396484,113.8556697465018,112.34699003787868,112.70897411610314,145538000
2020-08-20,114.93677520751953,115.05095915162076,112.46603216773778,112.48304002227763,126907200
2020-08-21,120.8597640991211,121.34322020785855,115.88426912064436,115.89641335304087,338054800
2020-08-24,122.30526733398438,125.15014624205317,120.4394596328143,125.06510696520752,345937600
2020-08-25,121.30191802978516,121.64690172019864,119.57944621797552,121.17802164994161,211495600
2020-08-26,122.95150756835938,123.40824339844946,121.55214798920018,122.61867553010855,163022400
2020-08-27,121.48170471191406,123.88684852967005,120.33743327624663,123.5540164773564,155552400
2020-08-28,121.28490447998047,122.87375249170243,121.06139279549139,122.45588862300937,187630000
2020-08-31,125.39791870117188,127.3026054289081,122.44372735910245,123.97913460853533,225702700
2020-09-01,130.39288330078125,130.99539444262734,126.84590719277946,129.01296330050218,151948100
2020-09-02,127.69129943847656,134.0855842416923,123.41549301335552,133.7065923759571,200119000
2020-09-03,117.4682388305664,125.20357217596391,117.09896674971186,123.32805227415068,257599600
2020-09-04,117.54598236083984,120.20864558009525,107.76020180974345,116.68110262085477,332607200
2020-09-08,109.6357421875,115.6315969151868,109.49969417268505,110.73384613966655,231366600
2020-09-09,114.00873565673828,115.77736730217215,112.0068798970881,113.95043148169943,176940500
2020-09-10,110.28683471679688,117.09898522798876,109.32477873982353,116.96293720757075,182274400
2020-09-11,108.83887481689453,111.97771348674671,106.89532348087856,111.33633798711266,180860300
2020-09-14,112.10404205322266,112.65795388939479,109.61629870677376,111.48210621661043,140150100
2020-09-15,112.2789535522461,115.4760961613362,110.40342635038046,114.99020836203483,184642000
2020-09-16,108.9652099609375,112.72598470596552,108.87775370396636,111.97772065587975,154679000
2020-09-17,107.22573852539062,109.03324211177724,105.64174663584149,106.62324227263575,178011000
2020-09-18,103.82450866699219,107.7504832499777,103.09567691699868,107.28403508185545,287104900
2020-09-21,106.97307586669922,107.07997179185173,100.19007789948417,101.58943734580029,195713800
2020-09-22,108.65424346923828,109.67461096517128,106.07904368113599,109.49969103484163,183055400
2020-09-23,104.09662628173828,108.94578544391972,103.75649882076176,108.46961737823794,150718700
2020-09-24,105.16557312011719,107.13827671141094,102.03645401086756,102.20165410941537,167743300
2020-09-25,109.1109848022461,109.26647248780473,104.63109780542541,105.36964948370711,149981400
2020-09-28,111.7153549194336,112.06519483137623,109.59688319225279,111.76394667933849,137672400
2020-09-29,110.86988067626953,112.05544815901067,110.36456059896766,111.31690400095869,99382200
2020-09-30,112.54133605957031,113.95041520558416,110.41315241996158,110.57835250168256,142675200
2020-10-01,113.49369049072266,114.3974422328623,112.56078666239473,114.31969839365316,116120400
2020-10-02,109.83009338378906,112.11377235625194,109.05267722245038,109.70376520376246,144712000
2020-10-05,113.21187591552734,113.35764376217921,110.34514039230349,110.69498025864371,106243800
2020-10-06,109.96615600585938,112.84261156052911,109.08183644563537,112.43446007900816,161498200
2020-10-07,111.83195495605469,112.2886907442599,110.9087635462189,111.38493900127487,96849000
2020-10-08,111.72506713867188,113.11470685692662,111.35578758231397,112.9689390012096,83477200
2020-10-09,113.66860961914062,113.69776170512303,111.67646638432409,112.02630624423392,100506900
2020-10-12,120.88892364501953,121.6469076620375,115.91342835963495,116.67141237665292,240226800
2020-10-13,117.68204498291016,121.85096395135838,116.2729730734288,121.7343481891843,262330500
2020-10-14,117.76949310302734,119.55755673583052,116.24380563288516,117.58485335748753,150712000
2020-10-15,117.30304718017578,117.77921521072741,114.81530369020432,115.36921555833267,112559200
2020-10-16,115.66073608398438,118.11933473782237,115.45666408455465,117.85695115708421,115393800
2020-10-19,112.70655822753906,117.02123764921416,112.39559027449886,116.57422168009768,120639300
2020-10-20,114.193359375,115.6218707751005,112.36641639732157,112.9203282244973,124423700
2020-10-21,113.5714340209961,115.35949783357893,113.16328257328865,113.37707442350195,89946000
2020-10-22,112.4830322265625,114.7083993693713,111.35576890640716,114.13504787679302,101988000
2020-10-23,111.79309844970703,113.26048210870782,111.05454670282388,113.10499440870647,82572600
2020-10-26,111.80280303955078,113.2604666650257,109.69404402667767,110.79215536953423,111850700
2020-10-27,113.3090591430664,113.9698669973098,111.30720332612077,112.2303873896094,92276800
2020-10-28,108.06147003173828,112.17208508150478,107.96429393091981,111.80281293277008,143937800
2020-10-29,112.06519317626953,113.62975292211088,109.03324978889975,109.19845732169942,146129200
2020-10-30,105.78751373291016,108.82916930496091,104.67968991872881,107.92541751822762,190272600
2020-11-02,105.70003509521484,107.55613016138878,104.29096335624901,106.03044267436084,122866900
2020-11-03,107.32291412353516,108.34327419283329,105.6611785129121,106.56493023946784,107624400
2020-11-04,111.70561981201172,112.32755570064144,109.17900433769593,110.9184838247905,138235500
2020-11-05,115.67046356201172,116.24381509607197,113.57143184766637,114.62094399780884,126387100
2020-11-06,115.5390625,116.03551785418253,113.0470194186013,115.17888245464515,114457900
2020-11-09,113.23197174072266,118.75144452373826,112.96914288637264,117.30100266982897,154515300
2020-11-10,112.89126586914062,114.46825386220857,111.10010975217423,112.48241768033425,138023400
2020-11-11,116.31781005859375,116.45409278270938,113.34878508110145,114.07887428608585,112295000
2020-11-12,116.04525756835938,117.33021441554035,115.42224863802025,116.44437660987315,103162300
2020-11-13,116.09391784667969,116.49302940870272,114.74081980829087,116.269139549406,81581900
2020-11-16,117.10631561279297,117.77799265499445,115.01339166540757,115.76294667468657,91183000
2020-11-17,116.22048950195312,117.46650747207035,115.80190464384941,116.37624546164425,74271000
2020-11-18,114.89659881591797,116.63907970381531,114.86739642885122,115.46120305538592,76322100
2020-11-19,115.49037170410156,115.89921985730518,113.70895234490581,114.46824389424141,74113000
2020-11-20,114.22489166259766,115.61692877725572,114.17622350270929,115.49038264932382,73604300
2020-11-23,110.82754516601562,114.49746457209459,110.73020141936897,114.06914317462709,127959300
2020-11-24,112.11251068115234,112.77445860760254,109.60100171666315,110.885966009348,113874200
2020-11-25,112.94966888427734,113.6505557267342,112.11249931432629,112.48241594054053,76499200
2020-11-27,113.49481201171875,114.37092065910097,113.13463937607727,113.47534623148913,46691300
2020-11-30,115.8895034790039,117.75853018018704,113.70896490077166,113.86472083929621,169410200
2020-12-01,119.46207427978516,120.19216354656007,116.82401928706074,117.79747164276061,127728200
2020-12-02,119.81250762939453,120.0948096799896,117.68064477339988,118.78064316901394,89004200
2020-12-03,119.67622375488281,120.493920092042,118.96560033409804,120.24082042379452,78967600
2020-12-04,119.0045394897461,119.59834596601074,118.29391606792319,119.3452462973935,78260400
2020-12-07,120.4647216796875,121.26295226566269,119.00454323508524,119.0629479962768,86712000
2020-12-08,121.0780029296875,121.66208029231422,119.82224848300353,121.06827375333532,82225500
2020-12-09,118.5470199584961,122.6063142688594,117.78772835245422,121.22401378468822,115089200
2020-12-10,119.96825408935547,120.58153376453309,116.96029017970807,117.30099698433379,81312200
2020-12-11,119.16029357910156,119.50100038149354,117.3496717985599,119.17975935630199,86939800
2020-12-14,118.5470199584961,120.07533977310263,118.31339348591051,119.3452505477775,79184500
2020-12-15,124.48509216308594,124.50456537042437,120.83464560664378,121.03906972258223,157243700
2020-12-16,124.41693878173828,124.9620697049553,123.20012338037756,124.0275637947843,98208600
2020-12-17,125.28333282470703,126.13997577136618,124.64085061471266,125.4780203524824,94359800
2020-12-18,123.29747009277344,125.67269604688084,122.7718049671832,125.53641332100761,192541500
2020-12-21,124.8257827758789,124.90366074139115,120.17268202586978,121.70100182150271,121251600
2020-12-22,128.37890625,130.8417396142282,126.20809672049869,128.1160699450411,168904800
2020-12-23,127.48332977294922,128.9142911011182,127.30810062123794,128.651469654108,88223700
2020-12-24,128.4664764404297,129.9169254349974,127.6195778559662,127.83373850895474,54930100
2020-12-28,133.06117248535156,133.69391042104374,129.9655870238762,130.43285473552945,124486200
2020-12-29,131.2895050048828,135.10543618196706,130.77357648181422,134.38509099699746,121047300
2020-12-30,130.1700439453125,132.37978484573765,129.85853207666074,131.98066583416636,96452100
2020-12-31,129.16737365722656,131.16295362039511,128.22312384324488,130.52047160916396,99116600
2021-01-04,125.97449493408203,130.0629925718764,123.39484425523048,129.97538540944026,143301900
2021-01-05,127.5320053100586,128.24263632210662,125.02049610454635,125.46829078537516,97664900
2021-01-06,123.23905181884766,127.570918733124,123.02489113823766,124.32932099883892,155088000
2021-01-07,127.44439697265625,128.1355547694855,124.46563475873127,124.95236099901199,109578200
2021-01-08,128.54437255859375,129.1089766459298,126.77268233415623,128.9142743130051,105158200
2021-01-11,125.55589294433594,126.71430373737336,125.08863992699253,125.76032449463308,100384500
2021-01-12,125.38064575195312,126.24701761180567,123.49214611607862,125.08860712256089,91951100
2021-01-13,127.41517639160156,127.96030732627808,125.07889671335819,125.34171815091041,88636800
2021-01-14,125.48776245117188,127.52227456444804,125.34173566730958,127.327587039671,90221800
2021-01-15,123.76471710205078,126.7629517813355,123.62843438270613,125.3611781802463,111598500
2021-01-19,124.4364013671875,125.29304408982054,123.57002946950722,124.38772578454656,90757300
2021-01-20,128.52491760253906,128.97271223666024,125.13730745125214,125.24438780808299,104319500
2021-01-21,133.23638916015625,135.96205811290383,130.04346734095793,130.24789882523683,120150900
2021-01-22,135.37799072265625,136.13728217261755,131.43550674558008,132.66205104466366,114459400
2021-01-25,139.12579345703125,141.23818305206848,132.91516336360118,139.27182020640586,157611700
2021-01-26,139.35946655273438,140.469201833175,137.61697822104978,139.7877880388179,98390600
2021-01-27,138.28866577148438,140.4692048133965,136.68247501830064,139.6222910011425,140843800
2021-01-28,133.4505615234375,138.22048632254183,133.07091575107856,135.81605814636788,142621100
2021-01-29,128.45677185058594,133.10987264929705,126.753230328146,132.22402749273948,177523800
2021-02-01,130.57887268066406,131.78595871131816,127.45408469869479,130.19922693086417,106239800
2021-02-02,131.40634155273438,132.6912909648265,131.03642489675576,132.12668680443446,83305400
2021-02-03,130.38418579101562,132.16560504134387,130.06294479305137,132.15586101329262,89880900
2021-02-04,133.74258422851562,133.75231340224198,131.01691536139694,132.68152499802775,84183100
2021-02-05,133.32826232910156,133.97170445351236,132.45085206919504,133.90346870595903,75693800
2021-02-08,133.4745330810547,133.5232814106689,131.53446261926186,132.61661008272995,71297200
2021-02-09,132.5970916748047,134.4201778248724,132.44111786524098,133.19178552172198,76774200
2021-02-10,131.9926300048828,133.55248682280848,131.0274669252529,133.0552748381974,73046600
2021-02-11,131.73915100097656,132.96752812373632,130.41327725499468,132.48981847138168,64280000
2021-02-12,131.97312927246094,132.12911793128706,130.33529298247856,130.97873504321333,60145100
2021-02-16,129.8478546142578,132.5970843838598,129.4578829220419,132.0901434978276,80576300
2021-02-17,127.55683135986328,128.90220781232136,126.2212134982147,127.95654680963715,97918500
2021-02-18,126.45516967773438,126.73788610904428,124.21288102524102,125.95795768088605,96856700
2021-02-19,126.61117553710938,127.43010877587982,125.5680327149572,126.9719012661051,87668800
2021-02-22,122.8382797241211,126.46493488700048,122.44831544375612,124.79783740249141,103916400
2021-02-23,122.70179748535156,123.53046696039274,115.41924089427319,120.65449424173501,158273000
2021-02-24,122.20457458496094,122.40930413496974,119.16286991288813,121.80486663626253,111039900
2021-02-25,117.9540023803711,123.28674515580227,117.51529718125303,121.55141178976116,148199500
2021-02-26,118.21721649169922,121.71712880247114,118.15871701805524,119.51383705660506,164560400
2021-03-01,124.5833740234375,124.71986041672858,119.70883872604007,120.6447486105863,116307900
2021-03-02,121.98036193847656,125.49002551913253,121.87312157746639,125.18780674062197,102260900
2021-03-03,118.99716186523438,122.55557437605606,118.78268110663865,121.67815647177862,112966300
2021-03-04,117.11555480957031,120.49848269972283,115.64345085160187,118.69490655182288,178155000
2021-03-05,118.37319946289062,118.88015523948293,114.61980921267136,117.9442454649468,153766600
2021-03-08,113.44017028808594,117.96373782106434,113.29393276187487,117.89549463389245,154376600
2021-03-09,118.05148315429688,118.99714411910483,115.80920155325997,116.04317714685729,129525800
2021-03-10,116.96934509277344,119.10438636423861,116.4526381350717,118.6364351696504,111943300
2021-03-11,118.89964294433594,120.1182765520443,118.21721109919896,119.46509072342045,103026500
2021-03-12,117.99298858642578,118.12947496626138,116.16991732521446,117.37879987716553,88105100
2021-03-15,120.87871551513672,120.88846666765528,117.39829786101335,118.36346113570012,92403800
2021-03-16,122.41908264160156,124.02768082306405,121.59041310507568,122.54581788527467,115227900
2021-03-17,121.62940216064453,122.70179839737172,119.27012151430435,120.93721906750288,111932600
2021-03-18,117.50553131103516,120.08903616814248,117.3008017478915,119.79656111339463,121229700
2021-03-19,116.97908782958984,118.38295627751944,116.67686904236336,116.89134977056929,185549500
2021-03-22,120.29377746582031,120.76173611147584,117.24232114898952,117.31056434336112,111912300
2021-03-23,119.46509552001953,121.1224343178664,119.07513126230569,120.23527288356823,95467100
2021-03-24,117.07657623291016,119.81606991796893,117.05708136591241,119.73807557407793,88530500
2021-03-25,117.56403350830078,118.6071911560223,116.01393492282537,116.54038560410483,98844700
2021-03-26,118.16848754882812,118.43171662851978,115.93594941899356,117.33006685594874,94071200
2021-03-29,118.34393310546875,119.50407455063903,117.70049850016187,118.597410950201,80819200
2021-03-30,116.8913345336914,117.37878796591035,115.87743050212212,117.09606408266947,85671900
2021-03-31,119.08489227294922,120.42051011090868,118.10998526692909,118.59743876993915,118323800
2021-04-01,119.91355895996094,121.06394949790783,119.41635431579364,120.5570011392304,75089100
2021-04-05,122.74079132080078,122.99426922039768,119.98180275866349,120.76173132452315,88651200
2021-04-06,123.04301452636719,123.9399272027551,122.49706897342678,123.32573845569713,80171300
2021-04-07,124.69060516357422,124.71010003062226,121.99985979599343,122.67254799737614,83466700
2021-04-08,127.08885955810547,127.1181055739932,125.29503449613289,125.71423730778919,88844600
2021-04-09,129.66262817382812,129.70161790758218,126.22120772891054,126.54292881700623,106686700
2021-04-12,127.94679260253906,129.5163933763926,127.35209877205047,129.19467229997423,91420000
2021-04-13,131.05674743652344,131.28098676840776,128.6194798143975,129.11669192988782,91266500
2021-04-14,128.7169647216797,131.61243958256816,128.35625390681537,131.55394754511985,87222800
2021-04-15,131.12498474121094,131.61243821608534,130.286564169391,130.46205515581354,89347100
2021-04-16,130.79351806640625,131.29071524829968,129.9355952026849,130.93000444237106,84922400
2021-04-19,131.45645141601562,132.07064756343885,129.99409097045535,130.15982336917756,94264200
2021-04-20,129.7698516845703,132.12912448166279,128.5024698015972,131.63192734239016,94812300
2021-04-21,130.15008544921875,130.3938122009963,128.00529300875627,129.03869205614907,68847100
2021-04-22,128.62924194335938,130.7837782500738,128.11254238332913,129.70163080104982,84566500
2021-04-23,130.9495086669922,131.72942232628785,128.84370608473515,128.84370608473515,78657500
2021-04-26,131.3394317626953,131.67089647035067,130.2085364209227,131.44667209468918,66905100
2021-04-27,131.01773071289062,132.01213986314156,130.74475798551163,131.6221681983873,66015800
2021-04-28,130.2280731201172,131.6319415185454,129.74061964154626,130.93975103357886,107760100
2021-04-29,130.13059997558594,133.63052788949472,129.12644681845208,133.04557765920794,151101000
2021-04-30,128.1613006591797,130.20859675143018,127.78108746519726,128.4732632121358,109839500
2021-05-03,129.21417236328125,130.70579381831388,128.52199669631204,128.72671884393358,75135100
2021-05-04,124.64185333251953,128.19052150938094,123.52070884107249,127.89804644623831,137564700
2021-05-05,124.88557434082031,127.17659652939219,124.75883168911403,125.9579629580567,84000900
2021-05-06,126.48443603515625,126.4941797495625,123.93992080258374,124.6808521847062,78128300
2021-05-07,127.15827941894531,128.18365868536526,126.44537767413243,127.78327916566757,78973300
2021-05-10,123.87699890136719,126.50394796231055,123.83793549239249,126.3770049216638,88071200
2021-05-11,122.95904541015625,123.31060121990447,119.89263087268371,120.60552510907532,126142800
2021-05-12,119.89261627197266,121.71879146016067,119.3848068747701,120.50785562792139,112172300
2021-05-13,122.04106140136719,123.1934058703671,121.34770266713772,121.66020248327753,105861300
2021-05-14,124.46292114257812,124.8926111424102,122.90042221216505,123.29104880741397,81918000
2021-05-17,123.31059265136719,123.95512773405065,122.23637496414497,123.84770522027007,74244600
2021-05-18,121.92388153076172,124.01372562566158,121.85552242300645,123.59380326356951,63342900
2021-05-19,121.76762390136719,121.99222918408067,119.98051210138631,120.27348393601976,92612000
2021-05-20,124.3261947631836,124.72658904585231,122.16799209354527,122.29495001272419,76857100
2021-05-21,122.49027252197266,125.000038624456,122.27542751349361,124.82425702211704,79295400
2021-05-24,124.12113952636719,124.94145621305331,122.98833046928489,123.05668957229345,63092900
2021-05-25,123.92582702636719,125.31255193436976,123.35941878581565,124.8242630592938,72009500
2021-05-26,123.87699890136719,124.40434374665045,123.45707656811848,123.98442141340175,56575900
2021-05-27,122.34380340576172,124.6484925303121,122.14849379883397,123.4766199875777,94625600
2021-05-28,121.68950653076172,122.85161879427051,121.63091513952054,122.62700604353964,71311100
2021-06-01,121.36723327636719,122.4121552577231,121.03520547415292,122.1484865589402,67637100
2021-06-02,122.12895202636719,122.30473364370846,121.14262887683675,121.36723416808287,59278900
2021-06-03,120.64456176757812,121.92385657251508,120.24416746798515,121.75784269489075,76229200
2021-06-04,122.93950653076172,123.20318269390796,120.94731726161271,121.16216229807738,75169300
2021-06-07,122.94926452636719,123.3594191359653,121.90434257301015,123.21293321808503,71057600
2021-06-08,123.76957702636719,125.44927381859075,123.25199989330952,123.63285881954378,74403800
2021-06-09,124.15044403076172,124.75591573650723,123.55474004059155,124.22857085419675,56877900
2021-06-10,123.15434265136719,125.1855951846905,122.98832875360279,124.04301097808155,71186400
2021-06-11,124.36531066894531,124.4532052232207,123.14460678045825,123.5645292161212,53522400
2021-06-14,127.42193603515625,127.4805274309543,124.09186008030994,124.82428233012304,96906500
2021-06-15,126.60162353515625,127.53913054805693,126.35748279130559,126.89459540801074,62746300
2021-06-16,127.09964752197266,127.8223093871763,125.44926884121655,127.3144925386233,91815000
2021-06-17,128.7012176513672,129.44341498990488,126.61137364763495,126.75786702289925,96721700
2021-06-18,127.40242767333984,128.4278070000862,127.18758260077941,127.6465684465976,108953300
2021-06-21,129.1992950439453,129.3067175759483,126.18171878291032,127.24616893565036,79663300
2021-06-22,130.8398895263672,130.93755177411464,128.53520055049577,129.0332571523742,74783600
2021-06-23,130.56646728515625,131.17194646480604,130.10748149302736,130.63483384623305,60214200
2021-06-24,130.2832794189453,131.4844477920528,129.8145184284701,131.29889842930257,68711000
2021-06-25,129.9902801513672,130.7519979740222,129.69730831930764,130.33208310563106,70783700
2021-06-28,131.6211395263672,132.08012525724726,130.22466180559726,130.28325319231956,62111300
2021-06-29,133.13479614257812,133.2910497525751,131.2012061476498,131.64065638724745,64556100
2021-06-30,133.75009155273438,134.18954197676644,132.6856264263999,132.97859834281147,63261400
2021-07-01,134.0528106689453,134.1114020662822,132.57819096384344,133.3985152300678,52485800
2021-07-02,136.6797332763672,136.71878923106325,134.521522975564,134.66800143213112,78852600
2021-07-06,138.69143676757812,139.7949424694059,136.78714251107849,136.78714251107849,108181800
2021-07-07,141.1817169189453,141.49420932337944,139.31647805419703,140.17584334226723,104911600
2021-07-08,139.8828582763672,140.6836320091057,137.37308477373998,138.26176048175577,105575500
2021-07-09,141.7090606689453,142.2363981441266,139.3067090791504,139.40437134178396,99890800
2021-07-12,141.1133575439453,142.89070940744068,140.62507602995242,142.78328687831547,76299700
2021-07-13,142.22662353515625,144.00397520789517,140.2637374239949,140.65435663279786,100827100
2021-07-14,145.65438842773438,146.064558065358,144.2188393995652,144.62900903718884,127050800
2021-07-15,145.00006103515625,146.48444087501676,143.64263914576114,145.74225840567044,106820300
2021-07-16,142.9590301513672,146.2500420755194,142.46098847923267,144.9805223346472,93251400
2021-07-19,139.11138916015625,140.69343127095988,138.34967125172668,140.38092397459488,121434600
2021-07-20,142.72467041015625,143.6524171415738,139.6094470898314,140.097728569033,96350000
2021-07-21,141.99224853515625,142.7051502253578,141.24030578420624,142.11920648842988,74993500
2021-07-22,143.35943603515625,144.72661812834664,142.39263340422124,142.5195913490058,77338200
2021-07-23,145.07821655273438,145.234470230186,143.47665361178235,144.09189315351634,71447400
2021-07-26,145.4980926513672,146.31840180292855,144.23831833181586,144.79496626398165,72434100
2021-07-27,143.33013916015625,145.71295498966768,142.13873124540055,145.62505300491213,104818600
2021-07-28,141.5821075439453,143.52547338784896,139.19929130551824,141.41609361273288,118931200
2021-07-29,142.22662353515625,143.1152993715257,141.1914692207776,141.29889173837356,56699500
2021-07-30,142.4414825439453,142.90046835495775,140.7324972607366,140.9961734481876,70440600
2021-08-02,142.1094207763672,143.50589840764349,141.84574465184807,142.92972994024274,62880000
2021-08-03,143.9062957763672,144.5703513322944,141.77738110937673,142.39262044590672,64786600
2021-08-04,143.50592041015625,144.32622969980267,142.8516250314263,143.81842770211748,56368300
2021-08-05,143.61334228515625,144.37506017943633,142.74420187239215,143.53521546251628,46397700
2021-08-06,142.92874145507812,143.87742801771682,142.42995348932268,143.1341335136214,54126800
2021-08-09,142.8798370361328,143.47643358609363,142.3223698894288,142.98742050984688,48908700
2021-08-10,142.4005889892578,144.46422440880676,142.1071782098756,143.22212723273427,69023100
2021-08-11,142.65487670898438,143.4959796880464,142.33212632967644,142.84070404163072,48493500
2021-08-12,145.61825561523438,145.7747433193376,142.6352740460304,142.97758903332007,72282600
2021-08-13,145.82366943359375,146.15619466200167,145.01190613589833,145.69652128952967,59375000
2021-08-16,147.79931640625,147.8677854043792,143.25150048909967,145.27600698805517,103296000
2021-08-17,146.88973999023438,148.34698930481986,145.8139053280962,146.92885446726953,92229700
2021-08-18,143.1438751220703,147.40806875624398,142.9384831112802,146.50828669516952,86326000
2021-08-19,143.4763946533203,144.74783129125242,141.32474068639172,141.8430932126771,86960300
2021-08-20,144.93368530273438,145.23687099584217,143.55466496618592,144.2001657522503,60549600
2021-08-23,146.4202880859375,146.88973641640624,144.6402734925246,145.05104264712142,60131800
2021-08-24,146.33226013183594,147.54501786684636,145.87258667150505,146.16599748585364,48606400
2021-08-25,145.09994506835938,147.0168826886461,144.5522528692755,146.51807985316438,58991300
2021-08-26,144.2979736328125,145.84325676235127,144.2686340417797,145.09018736118287,48597200
2021-08-27,145.3346710205078,145.48136895257556,143.60356080464544,144.23927174159581,55802400
2021-08-30,149.75538635253906,150.11726624135704,145.34449299205963,145.72592266249137,90956700
2021-08-31,148.4936981201172,149.4423845898935,147.9655556918431,149.30546153876566,86453100
2021-09-01,149.15872192382812,151.57444704677317,148.9924593146708,149.47169736941174,80313700
2021-09-02,150.27371215820312,151.32020730323478,149.05117946923792,150.48887910534057,71115500
2021-09-03,150.90939331054688,151.23214363543914,149.72597545260857,150.38125098854488,57808700
2021-09-07,153.24693298339844,153.80440017652478,150.9974696606434,151.56472666714657,82278300
2021-09-08,151.70162963867188,153.58921285674052,150.59645536526742,153.53053367824012,74420200
2021-09-09,150.68446350097656,152.6796298490877,150.56709024038778,152.0732585427631,57305700
2021-09-10,145.6965789794922,152.06352481455383,145.4325077001403,151.594076369537,140893200
2021-09-13,146.2637939453125,148.09269782306362,145.48137014638132,147.32006383534568,102404300
2021-09-14,144.86520385742188,147.7503924466826,143.6818007748944,147.04621254489265,109296300
2021-09-15,145.75518798828125,146.15618215949596,143.15363570353327,145.29551465513066,83281300
2021-09-16,145.52052307128906,145.69657556122553,143.98502957785402,145.17822282871273,68034100
2021-09-17,142.85047912597656,145.54984051172312,142.55706833315722,145.54984051172312,129868800
2021-09-20,139.79904174804688,141.6572852174671,138.16574008474763,140.64014472255653,123478900
2021-09-21,140.27830505371094,141.42260895745346,139.64259392807352,140.7673182037388,75834000
2021-09-22,142.64511108398438,143.21235308306478,140.54234603803783,141.27586560496235,76404300
2021-09-23,143.60357666015625,143.84808318959392,142.43972319227385,143.42752419874412,64838200
2021-09-24,143.6916046142578,144.22952199810462,142.36148841215257,142.4592969995775,53477900
2021-09-27,142.17564392089844,142.75269063959104,140.65971546291632,142.27345249653945,74150700
2021-09-28,138.79165649414062,141.5692464173405,138.57648960622467,140.10220759436288,108972300
2021-09-29,139.69146728515625,141.2758647647725,138.90904343372455,139.33937729818666,74602000
2021-09-30,138.39068603515625,141.20740583386313,138.17551911033874,140.5032258841864,89056700
2021-10-01,139.515380859375,139.77945201617703,136.05317593342988,138.78186147541723,94639600
2021-10-04,136.08251953125,139.08506612814298,135.23164179626298,138.64494254598642,98322000
2021-10-05,138.00927734375,139.11445172258436,136.2977314979069,136.42487967911666,80861100
2021-10-06,138.87969970703125,139.02639764577518,135.32946035449564,136.4052949835953,83221100
2021-10-07,140.141357421875,141.05092948182715,139.58389028870607,139.91641559084152,61732700
2021-10-08,139.75990295410156,141.01177498221017,139.42737771114903,140.86507705840515,58773200
2021-10-11,139.67190551757812,141.62795772548145,138.69387941362646,139.1437779877816,64452200
2021-10-12,138.4004364013672,140.10220679881462,137.94076304556515,140.08264210270863,73035900
2021-10-13,137.81365966796875,138.292882900144,136.14122849083293,138.13641006788947,78762700
2021-10-14,140.6009979248047,140.7183711807061,138.40043965116223,138.9872611601966,69907100
2021-10-15,141.6573028564453,141.71598203721894,140.3565262964831,140.61082264449493,67940300
2021-10-18,143.3297119140625,143.61333288501362,140.0142044027078,140.2978253736589,85589200
2021-10-19,145.49114990234375,145.8921441646938,143.32972068785898,143.77960431394027,76378900
2021-10-20,145.9801788330078,146.45941702243417,144.86522961087866,145.43248657280327,58418800
2021-10-21,146.19532775878906,146.35181550626882,144.62070524306984,145.54005210514717,61421000
2021-10-22,145.42271423339844,146.8799636819581,145.37380993998815,146.40074040762428,58883400
2021-10-25,145.37376403808594,146.08771874126032,144.37617347678713,145.4128785063667,50720600
2021-10-26,146.03887939453125,147.5254684740955,145.73567873669694,146.04865428407604,60893400
2021-10-27,145.57919311523438,146.43984594803317,145.22710311706854,146.07798106118008,56094900
2021-10-28,149.21743774414062,149.804244404835,146.43005760449074,146.5278661763529,100077900
2021-10-29,146.50828552246094,146.64520855406127,143.19277825689716,143.98497686283406,124953200
2021-11-01,145.686767578125,146.4104973070888,144.55225377378474,145.71610716586716,74588300
2021-11-02,146.72348022460938,148.23942366972244,145.38357431484795,145.39336412691904,69122000
2021-11-03,148.1611328125,148.63058101474826,146.5278315283641,147.08529847037968,54511500
2021-11-04,147.64279174804688,149.08047604584104,147.3298163066968,148.24916301129954,60394600
2021-11-05,148.1716766357422,149.07277177253758,146.9767425543838,148.76914367642138,65463900
2021-11-08,147.3489990234375,148.45578635175377,147.07475321655346,148.29907019202702,55020900
2021-11-09,147.71133422851562,148.31859042808787,146.97674433086416,147.113867180615,56787900
2021-11-10,144.88076782226562,147.04536675115244,144.81221384507222,146.93762626246985,65187100
2021-11-11,144.831787109375,146.35973220816493,144.64568854947308,145.89940280376894,41000000
2021-11-12,146.90818786621094,147.30975231165456,144.44975081914203,145.38022835120034,63804000
2021-11-15,146.91802978515625,148.75940720761815,146.35973409824072,147.2804228094717,59222800
2021-11-16,147.8974609375,148.3773984758072,146.27156473370576,146.85924274203003,59256200
2021-11-17,150.33631896972656,151.8152883338415,147.88768528692268,147.89747444135526,88807000
2021-11-18,154.6262969970703,155.4098626732955,149.9053395784081,150.5517823821893,137827700
2021-11-19,157.2512664794922,157.71161083201548,153.31385912302107,154.41084228889372,117305600
2021-11-22,157.71160888671875,162.29544415495414,157.69201563177705,158.35803684704905,117467900
2021-11-23,158.09361267089844,158.47559898556352,155.79189068171382,157.809562751241,96041900
2021-11-24,158.61265563964844,158.8085432931144,156.359910261615,157.44710392541154,69463600
2021-11-26,153.5880889892578,157.15329885394945,153.14733793761846,156.2913900038225,76959800
2021-11-29,156.9476318359375,157.87810965774673,155.5274123262941,156.09549714109664,88748200
2021-11-30,161.9036407470703,162.11912167836516,156.63417697403202,156.70274588184037,174048100
2021-12-01,161.38453674316406,166.800912709941,161.14946255292463,164.0388470193993,152052500
2021-12-02,160.39524841308594,160.82621020631422,154.55771579191074,155.47840417830398,136739200
2021-12-03,158.5147247314453,161.57062931064843,156.43828843610964,160.64994078112508,118023100
2021-12-06,161.92324829101562,164.43064668165096,160.9046083540242,160.91439750803002,107497000
2021-12-07,167.66281127929688,168.05460157243954,164.88116745170595,165.60596828506618,120405400
2021-12-08,171.48269653320312,172.34462027485748,167.19268602213367,168.593312102322,116998900
2021-12-09,170.973388671875,173.11839407886248,170.3465390733042,171.31620335113058,108923700
2021-12-10,175.76292419433594,175.93923359247646,171.1007310045987,171.61005099944745,115402700
2021-12-13,172.12913513183594,178.3878413686235,171.92344335477927,177.3985839315142,153237000
2021-12-14,170.74810791015625,174.08804749115933,168.67167154672788,171.64920321778123,139380400
2021-12-15,175.6160125732422,175.81190028087914,168.76962734356553,171.5121000863054,131063300
2021-12-16,168.7206268310547,177.4181772656769,167.2416576691539,175.5963934569458,150185800
2021-12-17,167.62364196777344,169.90577001560484,166.20343763112896,166.43849686489142,195432700
2021-12-20,166.26222229003906,167.07517044282818,164.01928047689202,164.82242453025603,107499100
2021-12-21,169.43565368652344,169.6413305368034,165.64515876193008,168.03502751462352,91185900
2021-12-22,172.0312042236328,172.24668517933623,168.6129062856775,169.48461926274177,92135300
2021-12-23,172.65805053710938,173.21634616947264,171.66880794684926,172.23689273327608,68356600
2021-12-27,176.62486267089844,176.71300990463334,173.43184943831818,173.45142774896462,74919600
2021-12-28,175.60618591308594,177.60427913199814,174.86180674158715,176.4583204970068,79144300
2021-12-29,175.69436645507812,176.9186832802021,174.4798387842566,175.6453907930184,62348900
2021-12-30,174.53860473632812,176.85991961465393,174.4308642572052,175.78251482342475,59773000
2021-12-31,173.92156982421875,175.5474513193314,173.61792667706044,174.43087489725414,64062300
2022-01-03,178.27032470703125,179.12245940789794,174.05868664745196,174.17621628400974,104487900
2022-01-04,176.00778198242188,179.18121654083714,175.43969718796814,178.87758836256972,99310400
2022-01-05,171.32598876953125,176.46811917460536,171.0517430102158,175.91962765597447,94537600
2022-01-06,168.4659881591797,171.69818743268368,168.1133843303379,169.15160256379613,96904000
2022-01-07,168.63250732421875,170.56203191509988,167.51593093187975,169.33771503993543,86709100
2022-01-10,168.65211486816406,168.95574308768624,164.71470727935647,165.6060136268591,106765600
2022-01-11,171.48269653320312,171.58063290230876,167.3102305884416,168.77941063247667,76138300
2022-01-12,171.9234619140625,173.53955411934612,171.22805833783443,172.50133585944042,74805200
2022-01-13,168.65211486816406,172.99108706764017,168.26032446775187,172.16834964468802,84505800
2022-01-14,169.51397705078125,170.20938047210834,167.57464890209772,167.81951220867464,80440800
2022-01-18,166.3112030029297,168.99489595879072,165.9292167455851,167.9860600754121,90956700
2022-01-19,162.8145294189453,167.56488423888524,162.53049451772475,166.5070728064469,94815000
2022-01-20,161.12986755371094,166.19363965286126,160.8066461501134,163.54911855874857,91420500
2022-01-21,159.0730438232422,162.91249968467412,158.965303342259,161.04173994454513,122848900
2022-01-24,158.2992706298828,158.96530678454897,151.52145417153005,156.73215398969816,162294600
2022-01-25,156.4970703125,159.41583739515477,153.79378418345803,155.71350456711474,115798400
2022-01-26,156.408935546875,161.01236411791442,154.5773622405594,160.14065107987773,108275300
2022-01-27,155.94859313964844,160.4736636918006,155.02790442490624,159.112223875077,121954600
2022-01-28,166.8302764892578,166.84986973924165,159.45499459640672,162.30520718558986,179935700
2022-01-31,171.1888885498047,171.40436952425716,166.0271642085972,166.66381797685227,115541600
2022-02-01,171.02236938476562,171.2476394960686,168.76962343591478,170.43469133018758,86213900
2022-02-02,172.2270965576172,172.266283066221,169.7686736999572,171.15949584991125,84914300
2022-02-03,169.34751892089844,172.61890525422228,168.5835463199836,170.89505737911136,89418100
2022-02-04,169.06309509277344,170.74010088602927,167.3860892995176,168.3667905913057,82465400
2022-02-07,168.34719848632812,170.59299800892276,167.65089393875687,169.52403712153145,77251200
2022-02-08,171.45602416992188,171.96599307785382,168.12163049721661,168.4158439042664,74829200
2022-02-09,172.87803649902344,173.2408912177467,171.524663818335,172.65247937368048,71285000
2022-02-10,168.79837036132812,172.09352864351527,168.23937817859007,170.7793919682726,90865900
2022-02-11,165.38548278808594,169.7397993797007,164.79705596488338,169.0042733328554,98670700
2022-02-14,165.62081909179688,166.30730692089233,163.3455851847236,164.13995074155633,86185500
2022-02-15,169.45538330078125,169.61229911156767,166.96440840288716,167.67051458711066,62527400
2022-02-16,169.22003173828125,169.99477926994211,166.76827820676257,168.5335437423192,61177400
2022-02-17,165.62081909179688,168.5923424525554,165.21872801892943,167.72932063065696,69589300
2022-02-18,164.07135009765625,167.24881311236203,162.9827709259436,166.54272185911768,82772700
2022-02-22,161.14883422851562,163.47309136847835,159.0206993785114,161.79608567118115,91162800
2022-02-23,156.9808807373047,162.94353209804362,156.66704910552062,162.3453036437316,90009200
2022-02-24,159.5993194580078,159.70719718910948,149.06658313119078,149.6353916256984,141147500
2022-02-25,161.66860961914062,161.9333881865455,157.76540780776472,160.6780917637284,91974200
2022-02-28,161.9333953857422,162.22760877136363,159.2953064697166,159.91315308309024,95056600
2022-03-01,160.05043029785156,163.38482330332894,158.84417203107242,161.52148207442062,83474400
2022-03-02,163.34561157226562,164.13017563125035,159.80527916281847,161.21749147612806,79724800
2022-03-03,163.02197265625,165.65025991761865,162.35510295615475,165.21874895199736,76678400
2022-03-04,160.02105712890625,162.3551314170317,158.97171433702658,161.31559025270195,83737200
2022-03-07,156.22572326660156,161.83533601406552,155.97073134624392,160.2073682314536,96418800
2022-03-08,154.40162658691406,159.73664445127486,152.7932769334802,155.75499927047608,131148300
2022-03-09,159.80526733398438,160.25639649791017,156.33359145766846,158.36363528455044,91454900
2022-03-10,155.46078491210938,157.29469168011647,152.96979505950804,157.10835602606574,105342000
2022-03-11,151.74391174316406,156.2061057623046,151.51835462854714,155.86285431301891,96970100
2022-03-14,147.7132110595703,151.14566528522778,147.2032572060636,148.52719485737234,108732100
2022-03-15,152.09698486328125,152.5677323353664,147.4778893963599,147.9878433779772,92964300
2022-03-16,156.51010131835938,156.9121924028267,151.47911432517643,154.01912684826212,102300200
2022-03-17,157.52027893066406,157.89295031003977,154.58799085921265,155.5490741928299,75615400
2022-03-18,160.81539916992188,161.30574983268542,156.67683837905244,157.41236437319773,123511700
2022-03-21,162.18838500976562,163.13966646337798,159.8641127641069,160.3544634117704,95811400
2022-03-22,165.56198120117188,166.15039293346567,161.72743597716038,162.31584770945418,81532000
2022-03-23,166.92518615722656,169.30828329467843,164.41457808924804,164.74802792669965,98062700
2022-03-24,170.71066284179688,170.77930414345957,166.92515566056534,167.7587426911126,90131400
2022-03-25,171.34814453125,171.89733490405604,169.4161616355689,170.52435897204094,80546200
2022-03-28,172.21115112304688,172.33863211398676,168.68062052174977,168.84733794398963,90371900
2022-03-29,175.50633239746094,175.55535549692144,172.936884505865,173.28013598798506,100589400
2022-03-30,174.3392791748047,176.14376602591867,173.289921571538,175.1042250130881,92633200
2022-03-31,171.24024963378906,174.59424618696573,171.0342957824536,174.40791055107027,103049300
2022-04-01,170.946044921875,171.5050518578882,168.62178757896973,170.67144974905557,78751300
2022-04-04,174.99632263183594,175.04536068416874,171.0735178742133,171.20101381741605,76468400
2022-04-05,171.6815948486328,174.85907295980758,171.0539465140656,174.07450880051937,73401800
2022-04-06,168.5138702392578,170.2791351956792,166.84668137764749,169.03364062027202,89058800
2022-04-07,168.8179168701172,170.01437362269277,166.5721175347958,167.8568338106809,77594700
2022-04-08,166.80751037597656,168.4648982638585,165.93468666135624,168.4648982638585,76575500
2022-04-11,162.55125427246094,165.76795361235142,162.3060789266503,165.45413695115786,72246700
2022-04-12,164.42437744140625,166.59171885387798,163.4240579625581,164.77743049486364,79265200
2022-04-13,167.11151123046875,167.73915952284898,163.55157535283024,164.1596054273598,70618900
2022-04-14,162.10009765625,167.96470171120438,161.85492235187505,167.32723694124167,75329400
2022-04-18,161.88436889648438,163.38484067093813,160.41331696354428,160.75655343597518,69023900
2022-04-19,164.16940307617188,164.5813108194766,160.74676487778993,161.83534399523174,67723800
2022-04-20,164.00267028808594,165.62083637298807,162.89448802131358,165.50314204406817,67929800
2022-04-21,163.2082977294922,168.21968163880754,162.70814548680565,165.65024919174274,87227800
2022-04-22,158.66766357421875,164.63032953066207,158.38326676927218,163.24755201100473,84882400
2022-04-25,159.7366180419922,160.0210148088947,155.40192048493418,158.01057433340998,96046400
2022-04-26,153.77398681640625,159.20706614015833,153.69552890649263,159.11880660312406,95623200
2022-04-27,153.5484161376953,156.70626068843154,152.38137914765707,152.90114966122312,88063200
2022-04-28,160.4819793701172,161.34500140614668,155.86286910913438,156.17670074562366,130216800
2022-04-29,154.6075439453125,162.99254251007733,154.2152694364459,158.71668452045293,131747600
2022-05-02,154.91156005859375,155.17633859448196,150.31206927613943,153.6856836225158,123055300
2022-05-03,156.40220642089844,157.60847954190055,153.30320233396515,155.09787216899534,88966500
2022-05-04,162.81602478027344,163.267138972668,156.18647479117334,156.58856589280018,108256500
2022-05-05,153.7445526123047,160.91347698312873,151.9596689981739,160.68791986588977,130525300
2022-05-06,154.47134399414062,156.59277501720737,151.4266967858706,153.22401904266582,116124600
2022-05-09,149.34454345703125,153.047223819661,148.78473018495143,152.163286830581,131577900
2022-05-10,151.75079345703125,153.9409814618481,150.19900690567323,152.74276671948687,115366700
2022-05-11,143.88381958007812,152.67398849573087,143.20613912417974,150.7588143723003,142689800
2022-05-12,140.0142059326172,143.58920335731457,136.32135622581737,140.22046241259886,182602000
2022-05-13,144.48294067382812,145.45526685384394,140.55437184575726,142.00793811597927,113990900
2022-05-16,142.9409637451172,144.88561601712348,141.60524980458257,142.95079475797485,86643800
2022-05-17,146.57493591308594,147.09547018171415,144.06063880216985,146.20171700867192,78336300
2022-05-18,138.3052978515625,144.72850245560213,137.40171366939953,144.22761523431257,109742900
2022-05-19,134.89727783203125,139.13030959235613,134.1606709599662,137.3820971482262,136095600
2022-05-20,135.1329345703125,138.1873972505803,130.2418708685785,136.60614779257094,137426100
2022-05-23,140.5543670654297,140.70168239695178,135.19186420352216,135.3293635083762,117726300
2022-05-24,137.85350036621094,139.4347501436659,134.8776102549607,138.2954614249139,104132700
2022-05-25,138.01060485839844,139.25791446992204,135.86952739968447,135.95791658734237,92482700
2022-05-26,141.21240234375,141.76239957025606,134.69097882633443,134.93651437290322,90601500
2022-05-27,146.96775817871094,147.00703727273068,142.66597054796807,142.79365382955837,90978500
2022-05-31,146.1820526123047,147.9695587462053,144.21776806233134,146.40795612568894,103718400
2022-06-01,146.05438232421875,149.0302721781197,145.04276200731988,147.2231190270911,74286600
2022-06-02,148.50975036621094,148.56867650901708,144.237425177131,145.19010444930467,72348100
2022-06-03,142.7838592529297,145.32760433584582,141.88029009172675,144.2767048307591,88570300
2022-06-06,143.53028869628906,145.91690250386964,142.3124267340464,144.4043948265017,71598400
2022-06-07,146.05438232421875,146.33919698612507,141.52670589855168,141.77224146396463,67808200
2022-06-08,145.31777954101562,147.1936599216941,144.8267083969664,145.92670296402,53950200
2022-06-09,140.09274291992188,145.30791486372848,139.98470669380748,144.45345606665015,69473000
2022-06-10,134.68118286132812,138.24634933788164,134.61242570462275,137.77492521441144,91437900
2022-06-13,129.5249481201172,132.78565318618158,129.0928030542559,130.49725953200095,122207100
2022-06-14,130.38919067382812,131.49901613498997,129.1320498799016,130.75259347181498,84784300
2022-06-15,133.01150512695312,134.88740024350506,129.79991106375064,131.8918636674431,91533000
2022-06-16,127.7374038696289,130.0257968459268,126.7356146942801,129.72133518143346,108123900
2022-06-17,129.21063232421875,130.70349274398822,127.49188338256819,127.74724995941777,134520300
2022-06-21,133.4436798095703,134.61243163462674,130.93922874022462,131.03743398602646,81000500
2022-06-22,132.93296813964844,135.29991972582334,131.5186808102628,132.38295585554104,73409200
2022-06-23,135.80081176757812,136.11508949160935,133.20795685254018,134.37670851634957,72433800
2022-06-24,139.13027954101562,139.375815112003,137.27403122380292,137.40169953003104,89116800
2022-06-27,139.13027954101562,140.92760171899965,138.45259896728206,140.15170092235036,70207900
2022-06-28,134.98561096191406,140.85881645152855,134.867758706979,139.5918597520797,67083400
2022-06-29,136.7436981201172,138.15798573903822,134.22941568039332,135.00531665930674,66242400
2022-06-30,134.2784881591797,135.89901685954254,131.38117155043633,134.7990223471169,98964500
2022-07-01,136.44900512695312,136.55704136561366,133.23741100607202,133.6106148417446,71051600
2022-07-05,139.03204345703125,139.08115356288656,134.4847204054961,135.3097312194843,73353800
2022-07-06,140.3677520751953,141.54631963942614,138.56061414428805,138.82579671678738,74064300
2022-07-07,143.73648071289062,143.93290610609026,140.7212977259225,140.73111375037857,66253700
2022-07-08,144.41419982910156,144.91510200246088,142.41063609457171,142.66598770215515,64547800
2022-07-11,142.28292846679688,144.02132426836204,141.2123971200697,143.0686451840122,63141600
2022-07-12,143.25523376464844,145.7989779664963,142.4597011366518,143.15701356941278,77588800
2022-07-13,142.89187622070312,143.83472435454556,139.58204676627264,140.43652068379964,71185600
2022-07-14,145.8186492919922,146.29007333779407,140.69186596170863,141.5070457617974,78140700
2022-07-15,147.48831176757812,148.16599237248846,145.5534901802815,147.10527685866828,76259900
2022-07-18,144.44366455078125,148.86330457327466,144.08026173602485,148.0481247263253,81420900
2022-07-19,148.303466796875,148.52935529848105,144.28650894193657,145.27846713272842,82982400
2022-07-20,150.30703735351562,150.97490184976564,147.6847194489196,148.42132610705224,64823400
2022-07-21,152.57582092285156,152.7918934399678,149.22671189385298,151.74099392614767,65086600
2022-07-22,151.33828735351562,153.48918116011728,150.67043785379852,152.61507520531072,66675400
2022-07-25,150.2186279296875,152.27130127731917,149.56059453535912,151.25969613523088,53623900
2022-07-26,148.89279174804688,150.35617431230574,148.1070748417966,149.54099433337262,55138700
2022-07-27,153.99005126953125,154.52041638898598,149.44274359614147,149.85524147444016,78620700
2022-07-28,154.54010009765625,154.8249147765774,151.6525992780924,154.1766972484503,81378700
2022-07-29,159.60794067382812,160.70795024668809,156.6516977293032,158.3606307359644,101786900
2022-08-01,158.6257781982422,160.66863573230555,158.01685484186865,158.13470710792794,67829400
2022-08-02,157.15255737304688,159.50970748502837,156.77935355303202,157.24096155464215,59907000
2022-08-03,163.16326904296875,163.61504600881742,157.87933984085964,157.96772903161715,82507500
2022-08-04,162.84901428222656,164.20437546779837,161.49365309665475,163.0454397472784,55474100
2022-08-05,162.622802734375,163.1145559751719,160.31155649978248,160.51809946404907,56697000
2022-08-08,162.15069580078125,165.04220702567798,161.49174831186727,163.62595540473944,60276900
2022-08-09,162.1998748779297,163.0850396486981,160.5574209787257,161.31472511427808,63135500
2022-08-10,166.4486541748047,166.54699582568117,164.14723743893427,164.91437134851807,70170500
2022-08-11,165.7110137939453,168.1697800173322,165.41595884571527,167.25511117853088,57149200
2022-08-12,169.261474609375,169.33031226065586,166.60599505436244,167.0190809905204,68039400
2022-08-15,170.33348083496094,170.5301791193321,168.52383260735886,168.6910268994302,54091700
2022-08-16,170.1761016845703,170.84489380290904,168.8287027941199,169.93022509830618,56377100
2022-08-17,171.6710662841797,173.24466771389544,169.72372757411412,169.92042587693876,79542000
2022-08-18,171.27761840820312,172.01524814296215,170.26460810636993,170.88422188584445,62290100
2022-08-19,168.6910400390625,170.8744256820194,168.48449706975865,170.1761294599256,70346300
2022-08-22,164.80621337890625,167.0584369610205,164.38329772382542,166.89124263458586,69026800
2022-08-23,164.4717559814453,165.92735612503327,163.90132052092278,164.32423603782541,54147100
2022-08-24,164.76683044433594,165.33726597260625,163.50794341888323,164.56030249873976,53841500
2022-08-25,167.22560119628906,167.33378750652878,165.57331755675585,165.9962181286182,51218200
2022-08-26,160.92129516601562,168.2287547406751,160.86228718946123,167.75667592112484,78961000
2022-08-29,158.71826171875,160.2131805859094,157.18399419307175,158.49204445005722,73314000
2022-08-30,156.28900146484375,159.87879372642644,155.11862647886383,159.4558931891013,77906200
2022-08-31,154.62686157226562,157.9314433381074,154.54817926746995,157.66589243531146,87991100
2022-09-01,155.3546600341797,155.8070645231953,152.11891593895604,154.05642452911226,74229900
2022-09-02,153.2401580810547,157.71511602884905,152.41401615420267,157.11517641377614,76957800
2022-09-06,151.9812469482422,154.4990209999667,151.15510515135455,153.88925181756636,73714800
2022-09-07,153.38766479492188,154.0859459351541,151.07641875135508,152.26646809885722,87449600
2022-09-08,151.9124298095703,153.7810862700933,150.1617743268103,152.0894537868935,84923800
2022-09-09,154.77439880371094,155.21698869351633,152.19761681404773,152.90574262919617,68028800
2022-09-12,160.73446655273438,161.5507787814024,156.672594749297,156.95780504262976,104956000
2022-09-13,151.30264282226562,157.89213365235918,150.84039354694787,157.26269006575274,122656600
2022-09-14,152.74839782714844,154.5088829319825,151.0764397160354,152.23697022602627,87965400
2022-09-15,149.85687255859375,152.67954626691656,148.88321078041434,152.09926605765543,90481100
2022-09-16,148.21441650390625,148.85370468985187,145.92284471335466,148.71601438946803,162278800
2022-09-19,151.93206787109375,152.0107501857091,146.64081352548533,146.84734147012324,81474200
2022-09-20,154.31216430664062,155.4727097837978,150.5551772691551,150.86989154639073,107689800
2022-09-21,151.18460083007812,156.12180702361462,151.06658486761725,154.74488909740035,101696800
2022-09-22,150.2207794189453,151.9222413623521,148.42096082844884,149.8667164993867,86652500
2022-09-23,147.94886779785156,148.97172290795524,146.10971554201328,148.69634230303134,96029900
2022-09-26,148.2832489013672,151.2337677983502,147.17188198122673,147.1915563091989,93339400
2022-09-27,149.25692749023438,152.16811306913462,147.47678328794686,150.22077457787657,84442700
2022-09-28,147.3686065673828,148.1554147485666,142.45107419388137,145.20489532446575,146691400
2022-09-29,140.1300048828125,144.30007793360352,138.35969014393336,143.69030869298015,128138200
2022-09-30,135.92059326171875,140.739784043771,135.72389496609006,138.9497950371784,124925300
2022-10-03,140.10049438476562,140.71027860420344,135.41900896557823,135.93043653465315,114311700
2022-10-04,143.6903076171875,143.80832359652302,141.88064422703837,142.6379484443843,87830100
2022-10-05,143.98533630371094,144.94918341662517,140.65125008419213,141.69377951288206,79471000
2022-10-06,143.03134155273438,145.1065408456924,142.8248135939426,143.40507882099124,68402200
2022-10-07,137.7794189453125,140.73978304959337,137.1499753994762,140.18900681575843,85925600
2022-10-10,138.10398864746094,139.54974448383035,136.28451052504542,138.10398864746094,74899000
2022-10-11,136.68768310546875,139.01860292980982,135.94022381991846,137.59250697969694,77033700
2022-10-12,136.05828857421875,138.04497594951954,135.88126460377657,136.83526713014228,70433700
2022-10-13,140.631591796875,141.22168665886508,132.15375604675947,132.76354024673512,113224000
2022-10-14,136.09762573242188,142.1363546632189,135.9107571080086,141.92981170804703,88598000
2022-10-17,140.0611572265625,140.5430657827838,137.95645402263972,138.7432621845146,85250900
2022-10-18,141.37904357910156,144.28038442851894,138.29083411442357,143.09035010046446,99136600
2022-10-19,141.48724365234375,142.55926212019432,139.16616774549112,139.35303637893844,61758300
2022-10-20,141.02496337890625,143.4837290525793,140.29716333693773,140.66107086147935,64522000
2022-10-21,144.8409881591797,145.41142365797057,140.29717849836038,140.51355110159543,86548600
2022-10-24,146.9850311279297,147.75216493318766,143.5919369881937,144.76231202642796,75981900
2022-10-25,149.82737731933594,149.97491229930705,146.89653213741997,147.6144876838341,74732300
2022-10-26,146.88671875,149.48317560972512,145.59831248015067,148.4701649982454,88194300
2022-10-27,142.4117431640625,146.5916457586151,141.75279561471663,145.62781359762897,109180200
2022-10-28,153.1713104248047,154.90227649289278,145.3819406077306,145.75566287950778,164762400
2022-10-31,150.81089782714844,151.6960627678098,149.41432026169932,150.63387384328797,97943200
2022-11-01,148.1652374267578,152.8860712842191,146.6703184608035,152.52217870801033,80379300
2022-11-02,142.63796997070312,149.66020693618322,142.60846597141662,146.49331428438626,93604600
2022-11-03,136.58938598632812,140.44472962212055,136.4615253404881,139.7169294177421,97918500
2022-11-04,136.32339477539062,140.5496299805745,132.38284296255216,139.97824816387146,140814800
2022-11-07,136.85537719726562,137.08195474161485,133.65367850914586,135.0722797176196,83374600
2022-11-08,137.42674255371094,139.3280515614897,135.44662070693448,138.32322168629616,89908500
2022-11-09,132.86558532714844,136.49090174990351,132.589747831419,136.4416418330912,74917800
2022-11-10,144.6872100830078,144.6872100830078,137.42674799216064,139.14089348616804,118854000
2022-11-11,147.4751434326172,147.78053378231226,142.22435652176193,143.65281852957958,93979700
2022-11-14,146.07626342773438,148.04653945457946,145.23889010351994,146.75601106211803,73374100
2022-11-15,147.8101043701172,151.3073474058049,146.35210428518187,149.95771310615612,89868300
2022-11-16,146.57864379882812,147.64259440598903,145.1009371275507,146.91360206864496,64218300
2022-11-17,148.48001098632812,149.22871050736455,143.97792279490108,144.2537602517047,80389400
2022-11-18,149.04153442382812,150.43058273283654,147.74115996689468,150.04637948055915,74829600
2022-11-21,145.81028747558594,148.13521403601513,145.52460403537026,147.9283434491039,58724100
2022-11-22,147.947998046875,148.18443654711209,144.74629997055138,145.92847743972578,51804100
2022-11-23,148.8248291015625,149.57352869191362,147.12052926108166,147.22889506000232,58301400
2022-11-25,145.90879821777344,146.66735873059727,144.93350612985708,146.1058228227629,35195900
2022-11-28,142.07659912109375,144.46063120272478,141.24908683464577,142.9829242489195,69246000
2022-11-29,139.07192993164062,142.65783165746328,138.2641245866872,142.14555568748492,83763800
2022-11-30,145.82997131347656,146.50971891238402,138.4611435666205,139.29850181511986,111380900
2022-12-01,146.10581970214844,146.91364010696918,144.4310880474874,146.00731491776455,71250400
2022-12-02,145.61326599121094,145.8004446428343,143.48536400225353,143.79076945238455,65447400
2022-12-05,144.45077514648438,148.67701012513257,143.60355595085647,145.5738317516645,68826400
2022-12-06,140.78607177734375,145.11082689130228,139.81077976944414,144.8842493657544,64727200
2022-12-07,138.84535217285156,141.23923029830829,137.91932004741116,140.07677467327488,69721100
2022-12-08,140.52993774414062,141.38701807504808,139.00298578220685,140.24425432184734,62128300
2022-12-09,140.04718017578125,143.40650336771498,138.80589704322628,140.22449774785568,76097000
2022-12-12,142.3425750732422,142.352421040337,138.96354439037955,140.5791698825673,70462700
2022-12-13,143.30801391601562,147.7411345402718,142.0962984876822,147.27811851695523,93886200
2022-12-14,141.0816192626953,144.48034234830936,139.06208336103646,143.1898139764628,82291200
2022-12-15,134.4713592529297,139.69259452336593,134.00834311374663,139.01284678575612,98931900
2022-12-16,132.51089477539062,135.6042272094749,131.74248840865712,134.65850323442362,160156900
2022-12-19,130.40269470214844,133.19063667083125,129.36831196695024,133.1019778704447,79592600
2022-12-20,130.333740234375,131.2696181831246,127.95955441414964,129.43726118544186,77432800
2022-12-21,133.4369354248047,134.7767236692483,130.77706590433928,131.003643429146,85928000
2022-12-22,130.26478576660156,132.56015897362735,128.36347675529532,132.35328842388512,77852100
2022-12-23,129.90032958984375,130.45200460193325,127.71332148333421,128.97429723440067,63814900
2022-12-27,128.0974884033203,129.45698360544398,126.80696007412172,129.42743066905106,69007800
2022-12-28,124.16679382324219,129.08263031505834,123.99932216789122,127.7428420402377,85438400
2022-12-29,127.68372344970703,128.54078860997595,125.83166690884427,126.08779735057679,75703700
2022-12-30,127.99898529052734,128.01869226136404,125.53614757244897,126.50158621125367,77034200
2023-01-03,123.21121215820312,128.95456111650307,122.3245864348614,128.34378035287284,112117500
2023-01-04,124.48202514648438,126.74784531380757,123.22104984209798,125.00414702883133,89113600
2023-01-05,123.16194152832031,125.87107085400619,122.90581107632524,125.24058317585433,80962700
2023-01-06,127.69357299804688,128.3536136037993,123.03387482286254,124.13723200436364,87754700
2023-01-09,128.21571350097656,131.4272732222333,127.95958301489433,128.53096489801374,70790800
2023-01-10,128.78709411621094,129.30921608440133,126.21588318349379,128.32407802637962,63896200
2023-01-11,131.50607299804688,131.52576493439358,128.52110615216108,129.29935853420528,69458900
2023-01-12,131.42727661132812,132.26463497127472,129.4865533653131,131.89029271765745,71379600
2023-01-13,132.75718688964844,132.914812571895,129.70326821418658,130.0677644513709,57809700
2023-01-17,133.919677734375,135.24960517017936,132.13658015166487,132.82617382563913,63646600
2023-01-18,133.2004852294922,136.54994765313825,133.0231526132705,134.78655764920913,69672800
2023-01-19,133.25961303710938,134.22504400705918,131.78190613060963,132.08729648616435,58280400
2023-01-20,135.82095336914062,135.96873306889344,132.22520615532028,133.26944989272516,80223600
2023-01-23,139.0128173828125,141.18997887668803,135.85051793428082,136.06724948686616,81760300
2023-01-24,140.4117431640625,141.03238502581226,138.21488923833545,138.22473520857972,66435100
2023-01-25,139.7516632080078,140.3131839948148,136.7469896041819,138.7960782416761,65799300
2023-01-26,141.82046508789062,142.10614847767724,139.79106829556534,141.0421976938989,54105100
2023-01-27,143.7611541748047,145.04183634112735,140.95352042033858,141.03233324940567,70555800
2023-01-30,140.87472534179688,143.38683009380475,140.7269606636837,142.8056023172103,64015300
2023-01-31,142.14553833007812,142.19479823056315,140.1654165994733,140.57917270592753,65874500
2023-02-01,143.2686004638672,144.43107102589934,139.2196980441436,141.83030751885846,77663600
2023-02-02,148.57850646972656,148.9331416858034,145.96788199485025,146.68702845858084,118339000
2023-02-03,152.20384216308594,155.04104480782712,145.63297259328513,145.8299972142777,154357300
2023-02-06,149.4749755859375,150.82462478693864,148.53909754834626,150.30250288074524,69858300
2023-02-07,152.35162353515625,152.9230055209434,148.4012245853028,148.4012245853028,83322600
2023-02-08,149.6621551513672,152.28262569889247,148.9233016908853,151.5930321421785,64120100
2023-02-09,148.62774658203125,152.036330247997,148.1844375441137,151.49450140964842,56007100
2023-02-10,148.9928436279297,149.3184373833088,147.2267605905334,147.4635601548908,57450700
2023-02-13,151.7948760986328,152.19938787253557,148.90400724096855,148.93360529625505,62199000
2023-02-14,151.15359497070312,151.71598829923826,148.84485563822165,150.08801949687324,61707600
2023-02-15,153.25511169433594,153.4228390365263,150.83784167870803,151.06476513520522,65573800
2023-02-16,151.65675354003906,154.24175084931028,151.3015618059057,151.45941308943844,68167900
2023-02-17,150.51226806640625,150.9562540378776,148.83497936586727,150.31494264074843,59144100
2023-02-21,146.49661254882812,149.27895045459564,146.42755543146694,148.19363813923312,58867200
2023-02-22,146.92088317871094,147.94698436963745,145.19425945136115,146.88140906273446,51011300
2023-02-23,147.4043426513672,148.3317887532872,145.27320688340583,148.0851281966049,48394200
2023-02-24,144.750244140625,145.22382805152512,143.77346321036748,145.14489489054824,55469600
2023-02-27,145.94410705566406,147.1774097603546,145.48038403430326,145.73692063205627,44998500
2023-02-28,145.44090270996094,147.08859306462728,144.8686485359811,145.08571098317904,50547000
2023-03-01,143.3689727783203,145.26332395747403,143.07297711330398,144.86867310742886,55479000
2023-03-02,143.96095275878906,144.75026945161636,141.977792498003,142.4513915466776,52238100
2023-03-03,149.01254272460938,149.09147589261863,145.36197027021535,146.06247767198354,70732300
2023-03-06,151.77517700195312,154.2121845297758,151.41012419214647,151.7357028817241,87558000
2023-03-07,149.57496643066406,151.97249979658332,149.11124338331118,151.64690605769943,56182000
2023-03-08,150.82797241210938,151.41996369175047,149.80187125635692,150.768776295138,47204800
2023-03-09,148.57843017578125,152.47566345847628,148.2232384177023,151.50875841619168,53833600
2023-03-10,146.51637268066406,148.92378215572674,145.63826168901898,148.2035375357173,68572400
2023-03-13,148.46005249023438,151.09438534791173,145.72704939093524,145.83558063473313,84457100
2023-03-14,150.55169677734375,151.35087437586574,148.09496787151124,149.25919818665145,73695900
2023-03-15,150.94639587402344,151.2029174267054,147.91739708809698,149.17043689978033,77167900
2023-03-16,153.76820373535156,154.37005612199135,149.61443315625291,150.1274913518228,76161100
2023-03-17,152.92953491210938,154.64629769155513,152.21915135199143,153.99511025228628,98944600
2023-03-20,155.29747009277344,155.7118730486912,152.09088307007352,152.99860710640667,73641400
2023-03-21,157.15237426757812,157.2707665184009,154.44896911905354,155.21856391429898,73938300
2023-03-22,155.72174072265625,159.97416620924432,155.7020036632039,157.17210596561782,75701800
2023-03-23,156.80702209472656,159.39203464017027,155.57371946683134,156.70836691747317,67622100
2023-03-24,158.10939025878906,158.1981844310787,155.74145533462084,156.73795839634036,59196500
2023-03-27,156.16571044921875,158.62245469903792,155.76118357485748,157.8035399490982,52390300
2023-03-28,155.54409790039062,156.37288858285143,153.8964076451378,155.8598305517969,45992200
2023-03-29,158.62245178222656,158.8987103608656,157.22142183199622,157.241143834068,51305700
2023-03-30,160.19119262695312,160.29972384705454,159.11575648092384,159.3722779761809,49501700
2023-03-31,162.69729614257812,162.7959663866168,159.74724553838644,160.27016471086742,68749800
2023-04-03,163.95033264160156,164.06872488806627,162.0263833617239,162.07571848273926,56976200
2023-04-04,163.4175567626953,164.61138542575975,162.9044985896194,164.37460092662135,46278300
2023-04-05,161.57249450683594,162.84527116493152,159.6386845457234,162.53941454235493,51511700
2023-04-06,162.4604949951172,162.75649064193277,159.83602334429725,160.26027222926052,45390100
2023-04-10,159.86561584472656,159.86561584472656,157.94166678976978,159.26376357061562,47716900
2023-04-11,158.6520538330078,160.19121311129285,158.36591919116847,160.1813521100088,47644200
2023-04-12,157.96142578125,159.8952361057982,157.64569304379242,159.0664602524204,50133100
2023-04-13,163.34844970703125,163.58524921058068,159.26375236431844,159.4709538117945,68445600
2023-04-14,163.0031280517578,164.09830125116352,161.63169630249857,162.39139978711486,49386500
2023-04-17,163.02288818359375,163.18075455042484,161.83892054229136,162.8847588763579,41516200
2023-04-18,164.24630737304688,165.1737533320214,163.4372536454433,163.88125462301093,49923000
2023-04-19,165.39085388183594,165.91377309743532,163.32876002913073,163.5852966627984,47720200
2023-04-20,164.42391967773438,165.6276243886042,163.3484832728481,163.87140244421354,52456400
2023-04-21,162.81564331054688,164.22653393840238,162.29272433120573,162.84524136183336,58337300
2023-04-24,163.12156677246094,163.38796439824753,161.7007995082206,162.79597301982534,41949600
2023-04-25,161.58242797851562,164.08849301799418,161.54295385224273,162.98345836184214,48714100
2023-04-26,161.57249450683594,163.07219461797823,160.6253265824028,160.8818480921529,45498800
2023-04-27,166.16043090820312,166.30842122903613,162.98344154461137,162.98344154461137,64902300
2023-04-28,167.41343688964844,167.58117930762924,165.63749302008387,166.23934534853646,55275900
2023-05-01,167.32460021972656,168.17311287626964,166.38729340324502,167.01874363218678,52472900
2023-05-02,166.2886505126953,168.07448533412125,165.30200842691818,167.81794875664258,48425700
2023-05-03,165.2132110595703,168.6368602354505,164.92709148440827,167.23583030731814,65136000
2023-05-04,163.57537841796875,164.8086809772467,162.11515240317325,162.68740659727376,81235400
2023-05-05,171.25148010253906,171.97172463520235,168.4790030974248,168.6960655683585,113453200
2023-05-08,171.18240356445312,171.5277343198539,169.8109716539451,170.1760244116815,55962800
2023-05-09,169.4755401611328,171.22188606967399,169.30781278853107,170.73844101187063,45326900
2023-05-10,171.24160766601562,171.70533067690712,169.60377809797177,170.70882753380215,53724500
2023-05-11,171.4290771484375,172.2578529585823,169.87018071223292,171.52774738748727,49514700
2023-05-12,170.5003204345703,171.97244074298538,168.94914270667581,171.5377153905618,45533100
2023-05-15,170.00634765625,171.13267487374878,169.4135375098661,171.0832715155854,37266700
2023-05-16,170.00634765625,171.0635071571624,169.73958158279842,169.92730529834625,42110300
2023-05-17,170.61891174316406,170.85602374756016,168.37613188825594,169.65066921503973,57951600
2023-05-18,172.95057678222656,173.13830046836398,170.51019901401196,170.92516002115397,65496700
2023-05-19,173.0592803955078,174.27452457823847,172.84191768629904,174.27452457823847,55809500
2023-05-22,172.1107940673828,172.61468722054929,171.3697889134683,171.89343134950482,43570900
2023-05-23,169.50244140625,171.300620989034,169.22580071286586,171.05361929309908,50747300
2023-05-24,169.7791290283203,170.3521749303795,168.4749675527097,169.03812373569414,45143500
2023-05-25,170.91529846191406,171.81437317497037,169.63088663153601,170.34225271987503,56058300
2023-05-26,173.32603454589844,173.6619683326656,171.03386649216068,171.24135456411133,54835000
2023-05-30,175.17359924316406,176.84333305757605,174.45235853913644,174.83768056740178,55964400
2023-05-31,175.1242218017578,177.19904230758075,174.64009299685546,175.20326416230037,99625300
2023-06-01,177.9301300048828,177.95976900098933,174.8080250915144,175.5687945017499,68901800
2023-06-02,178.77980041503906,179.5998477441502,177.11006676336092,178.8588427561831,61996900
2023-06-05,177.42625427246094,182.7318457046313,175.90471543246178,180.43967788018574,121946500
2023-06-06,177.06072998046875,177.95980483638854,175.30206376122024,177.81160982601426,64848400
2023-06-07,175.68736267089844,179.03670485789638,175.19335930953716,176.29992201473482,61944600
2023-06-08,178.4043731689453,178.6711241175685,175.33167179585084,175.76638207072082,50214900
2023-06-09,178.7897491455078,180.04450715140783,178.46370503408644,179.32326627960364,48900000
2023-06-12,181.58578491210938,181.68459163427195,178.79961324143656,179.09601833213515,54274900
2023-06-13,181.1115264892578,181.94144859403625,180.2519653861507,180.6076484418825,54929100
2023-06-14,181.74383544921875,182.1785608236948,179.83698969165084,181.17078973520816,57462900
2023-06-15,183.7791290283203,184.2830221162751,181.57587821037063,181.75372726370364,65433200
2023-06-16,182.7021942138672,184.74737528632218,182.05999589951927,184.49048389995454,101256200
2023-06-20,182.7911376953125,183.86807659469073,182.19834264439277,182.19834264439277,49799100
2023-06-21,181.75372314453125,183.18632987573855,180.40014368436258,182.68243679920374,49515700
2023-06-22,184.75726318359375,184.8066665365007,181.46719888037438,181.53636658960147,51245300
2023-06-23,184.44110107421875,185.31055187722217,182.79113153727351,183.3246636484937,53117000
2023-06-26,183.0480194091797,185.79467703737228,183.0084906957425,184.5893075659166,48088700
2023-06-27,185.8045654296875,186.13060949863421,183.4432296659109,183.66059237854205,50730800
2023-06-28,186.98031616210938,187.62251465229744,185.35011071729988,185.67613974563,51216800
2023-06-29,187.3162078857422,187.79046201011187,186.67400948819943,186.81232983886036,46347300
2023-06-30,191.6436767578125,192.14755478947328,188.9661717445866,189.33174450555188,85213200
2023-07-03,190.1518096923828,191.5547776450248,189.46019281962833,191.45597092726317,31458200
2023-07-05,189.0353546142578,190.66555990536892,188.33386310926684,189.27248168829453,46920300
2023-07-06,189.50958251953125,189.7170705815605,186.9308841600135,187.56320791106293,45094300
2023-07-07,188.39312744140625,190.35926638037827,187.95841711755844,189.11438325252212,46815000
2023-07-10,186.34800720214844,187.7114617327097,184.7968289230849,186.99020574364388,59922200
2023-07-11,185.82432556152344,187.0296950947768,184.3620796809065,186.8913747422291,46638100
2023-07-12,187.4940643310547,189.4009103170613,186.20965240962747,187.40513225686783,60750200
2023-07-13,188.2548065185547,188.89701997543003,187.5039267878899,188.21529288043007,41342300
2023-07-14,188.40301513671875,188.88712881002033,187.35573036289856,187.948525384943,41616200
2023-07-17,191.66346740722656,191.98951149918832,189.50960448705806,189.59852149146877,50520200
2023-07-18,191.4065399169922,191.9993499863452,190.11225351055063,191.03110761046918,48288200
2023-07-19,192.76011657714844,195.85256735078863,190.33948805911442,190.784103142532,80507300
2023-07-20,190.81373596191406,194.11367467272564,190.19128692590516,192.7502206227197,59581200
2023-07-21,189.63804626464844,192.63170595716375,188.93655473427472,191.77214478083425,71951700
2023-07-24,190.43833923339844,192.57243785933966,189.94433575938186,191.09042743728986,45377800
2023-07-25,191.29788208007812,192.10805493602857,190.60628029804008,191.01136672601527,37283200
2023-07-26,192.1673126220703,193.29363971255637,191.00147189498233,191.34726521155525,47471900
2023-07-27,190.90269470214844,194.83495794865564,190.24073188727883,193.66911704133602,47460200
2023-07-28,193.4813995361328,194.27180809784448,191.81166540691163,192.33530787544035,48291400
2023-07-31,194.09393310546875,194.13346181996275,192.91820259976402,193.70861105598286,38824100
2023-08-01,193.26402282714844,194.37058568804014,192.93797875368105,193.88647197429418,35175100
2023-08-02,190.27035522460938,192.83916391140565,189.54911446715442,192.70084355962268,50389300
2023-08-03,188.8772430419922,190.06284809201935,188.40300403713854,189.27245477585868,61235200
2023-08-04,179.80735778808594,185.13271368389906,179.73819007769725,183.295020485719,115956800
2023-08-07,176.7050323486328,180.93370048918646,175.2230220636036,179.9456936325003,97576100
2023-08-08,177.6436309814453,178.10799539743132,175.45025461361834,177.5349496271552,67823000
2023-08-09,176.05294799804688,178.76007719518685,174.88709204262926,178.70079919463467,60378500
2023-08-10,175.83555603027344,178.58221348809383,175.46999837048295,177.32744074056737,54686900
2023-08-11,175.8949432373047,176.71609814181758,174.66816996475507,175.42996682009903,52036700
2023-08-14,177.54714965820312,177.77469387045335,175.42005736478495,176.0730260741773,43675600
2023-08-15,175.5585479736328,177.56690888775307,175.1628176334086,176.97331337741676,43622600
2023-08-16,174.68792724609375,176.6369149003717,174.61866613802027,175.24195572610614,46964900
2023-08-17,172.14532470703125,175.6179059949575,171.6308631878828,175.25185467548476,66062900
2023-08-18,172.63011169433594,173.23361029129558,170.12708024206367,170.46345254957686,61172200
2023-08-21,173.9657440185547,174.25266140560993,171.88813666332587,173.20396220304474,46311900
2023-08-22,175.34088134765625,175.7860817280131,174.37133150436787,175.17269520823896,42038900
2023-08-23,179.18943786621094,179.61486234805133,176.42918310654636,176.61716031274474,52722800
2023-08-24,174.4999542236328,179.16964451815014,174.1338878222112,178.74422007761805,54945800
2023-08-25,176.70619201660156,177.2404295003986,173.9459373407173,175.4893068451812,51449600
2023-08-28,178.26937866210938,178.66510907128173,176.64685983066678,178.17043851174256,43820700
2023-08-29,182.15744018554688,182.929124873536,177.58669009574285,177.78455525489372,53003900
2023-08-30,185.64984130859375,185.84772159478027,182.77087033679462,182.9687355268348,60813900
2023-08-31,185.8674774169922,187.10415359099386,185.48163505454943,185.8377983965077,60794500
2023-09-01,187.44056701660156,187.8956554579994,186.27313669620688,187.4702460412081,45766500
2023-09-05,187.67799377441406,187.9550080601447,185.6102746073009,186.27313129788112,45280000
2023-09-06,180.9603729248047,186.8370611072444,179.53571941437733,186.3918455631262,81755800
2023-09-07,175.66738891601562,176.31046963604499,171.69023379276553,173.312752460059,112488800
2023-09-08,176.28077697753906,178.3188321743013,175.89493458078306,176.4489782367689,65551300
2023-09-11,177.44821166992188,178.3781946740771,175.44973851819339,178.15065045906456,58953100
2023-09-12,174.42080688476562,178.20998441272386,172.95658655286022,177.57680682896927,90370200
2023-09-13,172.3531036376953,175.4101637291933,172.12554433664133,174.62857587906927,84267900
2023-09-14,173.86679077148438,174.22295413122683,171.72981061302968,172.14533201670497,60895800
2023-09-15,173.14456176757812,174.61868528190746,171.967258666553,174.59889423512476,109259500
2023-09-18,176.07301330566406,177.46798769380123,174.2921965438023,174.59888982853914,67257600
2023-09-19,177.1613311767578,177.71535981850894,175.2420068848712,175.62784933867275,51826900
2023-09-20,173.61947631835938,177.78459392537832,173.53042414564908,177.34928142287384,58436200
2023-09-21,172.07608032226562,174.42082885900223,172.006834299268,172.68948203416045,63149100
2023-09-22,172.92691040039062,175.19250979208792,172.19480770645978,172.8081943086496,56725400
2023-09-25,174.20315551757812,175.08366835534056,172.2937196425223,172.34318970903263,46172700
2023-09-26,170.12709045410156,173.3325457352886,169.83028512536117,172.95660640862047,64588900
2023-09-27,168.61337280273438,171.19555331579562,167.24809254140138,170.7800319235512,66921800
2023-09-28,168.87062072753906,170.19633406818943,165.83333655703308,167.53500431517824,56294400
2023-09-29,169.3850860595703,171.2252609973693,168.5243490895999,170.18644988639232,51861100
2023-10-02,171.8979949951172,172.4421355524603,169.10804618991,169.39496352748424,52164500
2023-10-03,170.56240844726562,171.7793089326026,168.9992627128071,170.42390128992824,49594600
2023-10-04,171.80897521972656,172.35311583182798,169.14764530465982,169.26636140324675,53020300
2023-10-05,173.04562377929688,173.57986123329636,170.83938266052527,171.93755168454948,48527900
2023-10-06,175.59814453125,176.092815045354,171.33407201891083,171.94747372177912,57266700
2023-10-09,177.08216857910156,177.14152662960254,173.92616806085798,174.925397135301,42390800
2023-10-10,176.48854064941406,177.80436599291428,176.05322819338144,176.20163840129018,43698000
2023-10-11,177.88351440429688,177.9329844734106,175.70696722860302,176.300562769531,47551100
2023-10-12,178.7838134765625,180.39642899359671,177.13160077070958,178.1506358590928,56743100
2023-10-13,176.94366455078125,179.9908219020002,176.24122571645097,179.48626336769357,51427100
2023-10-16,176.8150634765625,177.17122691846123,174.6286127450996,174.8660600717484,52517000
2023-10-17,175.2617645263672,176.51823191229096,172.93682206936518,174.76709399132676,57549400
2023-10-18,173.9657440185547,175.68720305244247,173.2435292067,173.70852075442576,54764400
2023-10-19,173.58978271484375,175.9444040866048,173.32265641144056,174.16358722416024,59302900
2023-10-20,171.0372772216797,173.55019672394363,170.7998299466356,173.44136860989997,64244000
2023-10-23,171.15599060058594,172.15521956196545,168.11870652701532,169.08827156264798,55980100
2023-10-24,171.59129333496094,171.81883752196748,169.6224994494151,171.20545097606092,43816600
2023-10-25,169.2762451171875,171.21534495437086,168.83102960610762,170.04792986204652,57157000
2023-10-26,165.1111297607422,169.55327657792432,163.90413245355498,168.55403244057868,70625300
2023-10-27,166.42694091796875,167.1590586780216,165.05175755916278,165.13090664912622,58499100
2023-10-30,168.474853515625,169.34547832959018,167.0699912633637,167.21840145454993,51131000
2023-10-31,168.9497528076172,169.07835686158955,166.11033410734646,167.54489051547947,44846000
2023-11-01,172.11566162109375,172.37288485640974,168.3066925856151,169.1773175299865,56934900
2023-11-02,175.6772918701172,175.88504503012373,173.58978171760563,173.64913976332178,77334800
2023-11-03,174.76708984375,174.93529110628108,171.5022764668811,172.38278939451087,79829200
2023-11-06,177.31956481933594,177.517429979593,174.33176617832314,174.49995231934884,63841300
2023-11-07,179.8820037841797,180.4953904276926,177.06237564620827,177.27012882075113,70530000
2023-11-08,180.9405517578125,181.49458023161168,179.65440560298228,180.40631432840433,49340300
2023-11-09,180.46568298339844,182.15744752284814,179.87207238589124,181.00982351508927,53763500
2023-11-10,184.6560821533203,184.82450497792792,181.81293799295455,182.248823881519,66133400
2023-11-13,183.0710906982422,184.28957909475855,182.4866141219331,184.0815522328342,43627500
2023-11-14,185.68638610839844,186.35011603301572,184.55705211313364,185.94394820695575,60108400
2023-11-15,186.2510528564453,187.72711849110286,186.02320887124122,186.09256123667055,53790500
2023-11-16,187.93515014648438,189.1734556093977,186.88505441646575,187.79646053927942,54412900
2023-11-17,187.9153289794922,188.59887599886426,186.805812145748,188.47008739636428,50922700
2023-11-20,189.65887451171875,190.1145776039652,188.10357060538217,188.11347160798348,46505100
2023-11-21,188.8564453125,189.72821721009598,187.96487141071046,189.6192457228965,38134500
2023-11-22,189.52017211914062,191.12501116236683,189.04466705374648,189.69849596618437,39617700
2023-11-24,188.19271850585938,189.11401054524026,187.47945332619432,189.08429242242372,24048300
2023-11-27,188.01438903808594,188.88616092409407,187.13271615011263,188.14317764380084,40552600
2023-11-28,188.61868286132812,189.29232889633607,187.62803848681267,188.0044881862593,38415400
2023-11-29,187.59829711914062,190.29285069321725,187.20204546484828,189.11398161505477,43014200
2023-11-30,188.17291259765625,188.53946132762457,186.42938378571617,188.06394110215783,48794400
2023-12-01,189.45083618164062,189.76783452208102,187.45963130874318,188.54934617033052,45704800
2023-12-04,187.6577606201172,188.27197042434886,185.69628894913777,188.2026180609542,43389500
2023-12-05,191.61044311523438,192.58127042048946,188.40074973234698,188.43048297188668,66628400
2023-12-06,190.52076721191406,192.9379272177151,190.31272520524868,192.63082982561934,41089700
2023-12-07,192.45249938964844,193.17566559760107,191.7788533108163,191.81848755335412,47477700
2023-12-08,193.8790283203125,194.15640755182167,191.8581052152776,192.38314555463674,53406400
2023-12-11,191.37269592285156,191.67980841318465,189.6291670567547,191.3033586686724,60943700
2023-12-12,192.8883819580078,192.8982829604503,189.92634969600132,191.27362671385956,52696900
2023-12-13,196.10797119140625,196.1475903161728,193.02706651664724,193.26481149731427,70404200
2023-12-14,196.25656127929688,197.75242887078264,194.32480773637585,196.16740691178524,66831600
2023-12-15,195.72161865234375,196.54384019084355,195.15694409646994,195.6819844119138,128538400
2023-12-18,194.0573272705078,194.79040955452615,192.5713606983871,194.25545312358386,55751900
2023-12-19,195.0974884033203,195.10738940442394,194.05730887821485,194.32478706833504,40714100
2023-12-20,193.0072479248047,195.8305753609382,193.0072479248047,195.05787394759355,52242800
2023-12-21,192.858642578125,195.23619818360498,191.6896894536902,194.26537091395173,46482500
2023-12-22,191.7887725830078,193.58183662844655,191.16466173906855,193.35397752019378,37149600
2023-12-26,191.243896484375,192.0760341178965,191.02595351616222,191.79865490672267,28919300
2023-12-27,191.34295654296875,191.68968812345565,189.30223153241622,190.68914273833013,48087700
2023-12-28,191.76893615722656,192.83883387512188,191.3627683436117,192.32369457775746,34049900
2023-12-29,190.72877502441406,192.58127531145587,189.9362564400636,192.08595308574118,42672100
